title,author
"每日必看：<em class=""keyword"">美女</em>热舞合集",灰色的sheep
"女演员被骗到缅北后,真的太惨了",扑棱扑棱小貔貅
"每日必看：<em class=""keyword"">美女</em>热舞合集",灰色的sheep
"小伙假扮盲人上门按摩，<em class=""keyword"">美女</em>直接脱光，小伙顶不住了....",茜茜剧解析
炸裂！韩国女星下体被塞电动玩具出席颁奖典礼,充电宝卫萝卜
"由于天气太热，<em class=""keyword"">美女</em>只好挂空挡，这样就会比较凉爽一点.....",茜茜剧解析
"坏人欺负<em class=""keyword"">美女</em>都喜欢从胸部开始？咸猪手真会享受",神猪说动漫
"长视频<em class=""keyword"">美女</em>合集2",多类型港湾
这是能播的吗！,美女直播录屏
韩国小姐姐写真 天气真热啊,三尺有影WUDAREN
"刺激，捂住鼻子防止鼻血冒出！韩国性感女神精彩演出，三段爱情小故事-关于xxoo的爱情故事。#做爱做的事##性感<em class=""keyword"">美女</em>##xxoo#",大仙说影
"这谁顶得住？！被甜软<em class=""keyword"">美女</em>撩能做到不心动吗？【on9大挑战】",on9菌
什么油那么丝滑？,Misamisaaa_a
"李翰祥的杰作：一本正经男医生帮<em class=""keyword"">美女</em>打针，离谱到让你怀疑人生！",Boys电影
实地拍摄,wjwyjy
小伙穿越成摄政王，从此后宫是他家，就连皇后太后都要给他穿黑丝跳热舞...,兮兮剧解析
"小伙扒下<em class=""keyword"">美女</em>的白丝，转手就做了个弹弓！这弹性有这么好！？大型连续吻戏短剧",茜茜剧解析
带劲 过瘾啊,账号已注销
涵涵车上换比基尼教学,一念痴迷
小姐姐身材真好,爱闹爱玩-
"<em class=""keyword"">美女</em>为留下大客户竟当面脱掉黑丝，把自己献出去",才下美头
"<em class=""keyword"">美女</em>内衣秀",飞毛腿_摩根
老板娘3：女孩被男友出卖，惨遭多人轮流欺负，结局令人唏嘘,桂花树青春无悔
“黑丝，肤白，貌美，大长腿，同样都是销售，你为何如此优秀！,茜茜剧解析丶
青春的气息，美美的小吊带,AnnieFashion
"偷偷躲床底下，本只想看网红<em class=""keyword"">美女</em>和榜一大哥的现场直播，没想到竟然目睹了一场....",茜茜剧解析
"【按摩】顶级<em class=""keyword"">美女</em>享受淋巴循环手法治疗技术-肌肉放松伸展手法治疗技术-紧身性感<em class=""keyword"">美女</em>(手法治疗)",Novacaineee
"盘点全网最性感<em class=""keyword"">美女</em>合集 (166)",172号卡分销系统一级
"泳装<em class=""keyword"">美女</em>",美女动漫合集
"女人得了一种怪病每月都会找小伙脱衣治病，面对身材哇塞的<em class=""keyword"">美女</em>，小伙使出独门绝技对付她",酷帅漫画社
身材不错，有肉感,洁白的小悍妇
"<em class=""keyword"">美女</em>合集！颜值控",杭州李冰冰o
"<em class=""keyword"">美女</em>人质为了活命任由劫匪摆布！",无忧剧场_
"劫匪挟持<em class=""keyword"">美女</em>姐妹花，用妹妹的性命威胁姐姐，竟命令她做任何事！",三毛观察员
"“肤白貌美大长腿，黑丝诱惑<em class=""keyword"">美女</em>来啦！”爆款吻戏短剧《天命大反派》",小龙剧场
"<em class=""keyword"">美女</em>霸气外露",飞毛腿_摩根
"这个<em class=""keyword"">美女</em>太骚了，老板忍不住上了！",美美观影
这个女老师太惨了,帝国总裁影视
"<em class=""keyword"">美女</em>玩脱衣服游戏的时候太拼了",심용양
【极致丝滑60帧】这谁看了不迷糊呀？,鹿Bai陆零
"【<em class=""keyword"">美女</em>，请别影响我学习】4K 最高画质 全结局 全流程通关攻略 真人互动恋爱游戏【完结】",11的游戏世界
"【<em class=""keyword"">美女</em>保洁ep.1】<em class=""keyword"">美女</em>保洁的诱惑！",宝蓝和玩具门
"清纯烧<em class=""keyword"">美女</em>风 既要又要还要的钓系穿搭",酒酿Lily王
"每日必看：<em class=""keyword"">美女</em>热舞合集",灰色的sheep
"<em class=""keyword"">美女</em>热舞合集",灰色的sheep
一起来练瑜伽,lu屏小将
"小伙假扮盲人上门按摩，<em class=""keyword"">美女</em>直接脱光，小伙顶不住了....",茜茜剧解析
"女演员被骗到缅北后,真的太惨了",扑棱扑棱小貔貅
炸裂！韩国女星下体被塞电动玩具出席颁奖典礼,充电宝卫萝卜
"每日必看：<em class=""keyword"">美女</em>热舞合集",灰色的sheep
韩国小姐姐写真 天气真热啊,三尺有影WUDAREN
这是能播的吗！,美女直播录屏
"长视频<em class=""keyword"">美女</em>合集2",多类型港湾
"刺激，捂住鼻子防止鼻血冒出！韩国性感女神精彩演出，三段爱情小故事-关于xxoo的爱情故事。#做爱做的事##性感<em class=""keyword"">美女</em>##xxoo#",大仙说影
"坏人欺负<em class=""keyword"">美女</em>都喜欢从胸部开始？咸猪手真会享受",神猪说动漫
"这谁顶得住？！被甜软<em class=""keyword"">美女</em>撩能做到不心动吗？【on9大挑战】",on9菌
什么油那么丝滑？,Misamisaaa_a
"李翰祥的杰作：一本正经男医生帮<em class=""keyword"">美女</em>打针，离谱到让你怀疑人生！",Boys电影
实地拍摄,wjwyjy
小伙穿越成摄政王，从此后宫是他家，就连皇后太后都要给他穿黑丝跳热舞...,兮兮剧解析
"小伙扒下<em class=""keyword"">美女</em>的白丝，转手就做了个弹弓！这弹性有这么好！？大型连续吻戏短剧",茜茜剧解析
涵涵车上换比基尼教学,一念痴迷
带劲 过瘾啊,账号已注销
"<em class=""keyword"">美女</em>为留下大客户竟当面脱掉黑丝，把自己献出去",才下美头
"<em class=""keyword"">美女</em>内衣秀",飞毛腿_摩根
小姐姐身材真好,爱闹爱玩-
老板娘3：女孩被男友出卖，惨遭多人轮流欺负，结局令人唏嘘,桂花树青春无悔
"偷偷躲床底下，本只想看网红<em class=""keyword"">美女</em>和榜一大哥的现场直播，没想到竟然目睹了一场....",茜茜剧解析
青春的气息，美美的小吊带,AnnieFashion
"【按摩】顶级<em class=""keyword"">美女</em>享受淋巴循环手法治疗技术-肌肉放松伸展手法治疗技术-紧身性感<em class=""keyword"">美女</em>(手法治疗)",Novacaineee
身材不错，有肉感,洁白的小悍妇
“黑丝，肤白，貌美，大长腿，同样都是销售，你为何如此优秀！,茜茜剧解析丶
"<em class=""keyword"">美女</em>合集！颜值控",杭州李冰冰o
"盘点全网最性感<em class=""keyword"">美女</em>合集 (166)",172号卡分销系统一级
"劫匪挟持<em class=""keyword"">美女</em>姐妹花，用妹妹的性命威胁姐姐，竟命令她做任何事！",三毛观察员
"女人得了一种怪病每月都会找小伙脱衣治病，面对身材哇塞的<em class=""keyword"">美女</em>，小伙使出独门绝技对付她",酷帅漫画社
【极致丝滑60帧】这谁看了不迷糊呀？,鹿Bai陆零
"<em class=""keyword"">美女</em>人质为了活命任由劫匪摆布！",无忧剧场_
"“肤白貌美大长腿，黑丝诱惑<em class=""keyword"">美女</em>来啦！”爆款吻戏短剧《天命大反派》",小龙剧场
"<em class=""keyword"">美女</em>霸气外露",飞毛腿_摩根
"这个<em class=""keyword"">美女</em>太骚了，老板忍不住上了！",美美观影
镜头下的韩国女星，华莎没眼看，女团裙子掉落,娱圈毕业生
"<em class=""keyword"">美女</em>玩脱衣服游戏的时候太拼了",심용양
这个女老师太惨了,帝国总裁影视
"每日必看：<em class=""keyword"">美女</em>热舞合集",灰色的sheep
"这黑丝，这<em class=""keyword"">美女</em>，我上我也行，不知道你们行不行...",兮兮剧解析
"小伙假扮盲人上门按摩，<em class=""keyword"">美女</em>直接脱光，小伙顶不住了....",茜茜剧解析
"女演员被骗到缅北后,真的太惨了",扑棱扑棱小貔貅
炸裂！韩国女星下体被塞电动玩具出席颁奖典礼,充电宝卫萝卜
"每日必看：<em class=""keyword"">美女</em>热舞合集",灰色的sheep
"长视频<em class=""keyword"">美女</em>合集2",多类型港湾
这是能播的吗！,美女直播录屏
"由于天气太热，<em class=""keyword"">美女</em>只好挂空挡，这样就会比较凉爽一点.....",茜茜剧解析
韩国小姐姐写真 天气真热啊,三尺有影WUDAREN
"这谁顶得住？！被甜软<em class=""keyword"">美女</em>撩能做到不心动吗？【on9大挑战】",on9菌
什么油那么丝滑？,Misamisaaa_a
"刺激，捂住鼻子防止鼻血冒出！韩国性感女神精彩演出，三段爱情小故事-关于xxoo的爱情故事。#做爱做的事##性感<em class=""keyword"">美女</em>##xxoo#",大仙说影
"坏人欺负<em class=""keyword"">美女</em>都喜欢从胸部开始？咸猪手真会享受",神猪说动漫
"李翰祥的杰作：一本正经男医生帮<em class=""keyword"">美女</em>打针，离谱到让你怀疑人生！",Boys电影
实地拍摄,wjwyjy
小伙穿越成摄政王，从此后宫是他家，就连皇后太后都要给他穿黑丝跳热舞...,兮兮剧解析
涵涵车上换比基尼教学,一念痴迷
"小伙扒下<em class=""keyword"">美女</em>的白丝，转手就做了个弹弓！这弹性有这么好！？大型连续吻戏短剧",茜茜剧解析
带劲 过瘾啊,账号已注销
小姐姐身材真好,爱闹爱玩-
"<em class=""keyword"">美女</em>为留下大客户竟当面脱掉黑丝，把自己献出去",才下美头
"<em class=""keyword"">美女</em>内衣秀",飞毛腿_摩根
青春的气息，美美的小吊带,AnnieFashion
老板娘3：女孩被男友出卖，惨遭多人轮流欺负，结局令人唏嘘,桂花树青春无悔
"偷偷躲床底下，本只想看网红<em class=""keyword"">美女</em>和榜一大哥的现场直播，没想到竟然目睹了一场....",茜茜剧解析
"【按摩】顶级<em class=""keyword"">美女</em>享受淋巴循环手法治疗技术-肌肉放松伸展手法治疗技术-紧身性感<em class=""keyword"">美女</em>(手法治疗)",Novacaineee
"盘点全网最性感<em class=""keyword"">美女</em>合集 (166)",172号卡分销系统一级
身材不错，有肉感,洁白的小悍妇
“黑丝，肤白，貌美，大长腿，同样都是销售，你为何如此优秀！,茜茜剧解析丶
"有个这么主动的<em class=""keyword"">美女</em>你该怎么办",一个喜欢动漫的博主
"<em class=""keyword"">美女</em>合集！颜值控",杭州李冰冰o
镜头下的韩国女星，华莎没眼看，女团裙子掉落,娱圈毕业生
"女人得了一种怪病每月都会找小伙脱衣治病，面对身材哇塞的<em class=""keyword"">美女</em>，小伙使出独门绝技对付她",酷帅漫画社
"<em class=""keyword"">美女</em>人质为了活命任由劫匪摆布！",无忧剧场_
"泳装<em class=""keyword"">美女</em>",美女动漫合集
"“肤白貌美大长腿，黑丝诱惑<em class=""keyword"">美女</em>来啦！”爆款吻戏短剧《天命大反派》",小龙剧场
"<em class=""keyword"">美女</em>霸气外露",飞毛腿_摩根
"这个<em class=""keyword"">美女</em>太骚了，老板忍不住上了！",美美观影
"<em class=""keyword"">美女</em>玩脱衣服游戏的时候太拼了",심용양
【极致丝滑60帧】这谁看了不迷糊呀？,鹿Bai陆零
这个女老师太惨了,帝国总裁影视
"刺激，捂住鼻子防止鼻血冒出！韩国性感女神精彩演出，三段爱情小故事-关于xxoo的爱情故事。#做爱做的事##性感<em class=""keyword"">美女</em>##xxoo#",大仙说影
这是能播的吗！,美女直播录屏
"这谁顶得住？！被甜软<em class=""keyword"">美女</em>撩能做到不心动吗？【on9大挑战】",on9菌
实地拍摄,wjwyjy
"每日必看：<em class=""keyword"">美女</em>热舞合集",灰色的sheep
什么油那么丝滑？,Misamisaaa_a
"长视频<em class=""keyword"">美女</em>合集2",多类型港湾
"坏人欺负<em class=""keyword"">美女</em>都喜欢从胸部开始？咸猪手真会享受",神猪说动漫
小伙穿越成摄政王，从此后宫是他家，就连皇后太后都要给他穿黑丝跳热舞...,兮兮剧解析
"清纯烧<em class=""keyword"">美女</em>风 既要又要还要的钓系穿搭",酒酿Lily王
"小伙扒下<em class=""keyword"">美女</em>的白丝，转手就做了个弹弓！这弹性有这么好！？大型连续吻戏短剧",茜茜剧解析
涵涵车上换比基尼教学,一念痴迷
"“黑丝，肤白貌美大长腿<em class=""keyword"">美女</em>总裁”全网最火吻戏短剧”爆款吻戏短剧《发错表白情话闪婚女总裁》",小龙剧场
"<em class=""keyword"">美女</em>内衣秀",飞毛腿_摩根
青春的气息，美美的小吊带,AnnieFashion
老板娘3：女孩被男友出卖，惨遭多人轮流欺负，结局令人唏嘘,桂花树青春无悔
"末世降临一桶泡面就能换一个老婆，小伙直接给<em class=""keyword"">美女</em>搞了一顿“海底捞”这结果.....",茜茜剧解析
"偷偷躲床底下，本只想看网红<em class=""keyword"">美女</em>和榜一大哥的现场直播，没想到竟然目睹了一场....",茜茜剧解析
“黑丝，肤白，貌美，大长腿，同样都是销售，你为何如此优秀！,茜茜剧解析丶
"泳装<em class=""keyword"">美女</em>",美女动漫合集
"劫匪挟持<em class=""keyword"">美女</em>姐妹花，用妹妹的性命威胁姐姐，竟命令她做任何事！",三毛观察员
镜头下的韩国女星，华莎没眼看，女团裙子掉落,娱圈毕业生
"【按摩】顶级<em class=""keyword"">美女</em>享受淋巴循环手法治疗技术-肌肉放松伸展手法治疗技术-紧身性感<em class=""keyword"">美女</em>(手法治疗)",Novacaineee
"女人得了一种怪病每月都会找小伙脱衣治病，面对身材哇塞的<em class=""keyword"">美女</em>，小伙使出独门绝技对付她",酷帅漫画社
"<em class=""keyword"">美女</em>合集！颜值控",杭州李冰冰o
身材不错，有肉感,洁白的小悍妇
"<em class=""keyword"">美女</em>人质为了活命任由劫匪摆布！",无忧剧场_
"盘点全网最性感<em class=""keyword"">美女</em>合集 (166)",172号卡分销系统一级
"性感大雷泳装<em class=""keyword"">美女</em>5",城南瓜已熟
"“肤白貌美大长腿，黑丝诱惑<em class=""keyword"">美女</em>来啦！”爆款吻戏短剧《天命大反派》",小龙剧场
"<em class=""keyword"">美女</em>霸气外露",飞毛腿_摩根
"<em class=""keyword"">美女</em>为留下大客户竟当面脱掉黑丝，把自己献出去",才下美头
"这个<em class=""keyword"">美女</em>太骚了，老板忍不住上了！",美美观影
这个女老师太惨了,帝国总裁影视
【极致丝滑60帧】这谁看了不迷糊呀？,鹿Bai陆零
"黑丝大长腿<em class=""keyword"">美女</em>合集（2）",摸鱼的虚空
"【<em class=""keyword"">美女</em>保洁ep.1】<em class=""keyword"">美女</em>保洁的诱惑！",宝蓝和玩具门
年轻保姆穿着黑丝给男主人放水洗澡，搔首弄姿，这那个男人把持得住！,九儿电影o
"偷偷躲床底下，本只想偷看网红<em class=""keyword"">美女</em>和榜一大哥的现场直播，没成想竟然目睹了一场...",你可能是个棒槌
"<em class=""keyword"">美女</em>被捆绑",叶秋爱动漫
汉娜帕尔默 蓝色比基尼 美人出浴,美人馆中馆
小仓优香 完美身材与天使笑颜！写真杂志拍摄 2,绚濑星群
"刺激，捂住鼻子防止鼻血冒出！韩国性感女神精彩演出，三段爱情小故事-关于xxoo的爱情故事。#做爱做的事##性感<em class=""keyword"">美女</em>##xxoo#",大仙说影
"这谁顶得住？！被甜软<em class=""keyword"">美女</em>撩能做到不心动吗？【on9大挑战】",on9菌
实地拍摄,wjwyjy
什么油那么丝滑？,Misamisaaa_a
"每日必看：<em class=""keyword"">美女</em>热舞合集",灰色的sheep
"长视频<em class=""keyword"">美女</em>合集2",多类型港湾
"<em class=""keyword"">美女</em>遭到了神秘男子脱光光绑在床上折磨一夜！醒来后却是在自己车上？事情却似乎没有那么简单",你看不看看
"清纯烧<em class=""keyword"">美女</em>风 既要又要还要的钓系穿搭",酒酿Lily王
"坏人欺负<em class=""keyword"">美女</em>都喜欢从胸部开始？咸猪手真会享受",神猪说动漫
小伙穿越成摄政王，从此后宫是他家，就连皇后太后都要给他穿黑丝跳热舞...,兮兮剧解析
"小伙扒下<em class=""keyword"">美女</em>的白丝，转手就做了个弹弓！这弹性有这么好！？大型连续吻戏短剧",茜茜剧解析
涵涵车上换比基尼教学,一念痴迷
"<em class=""keyword"">美女</em>内衣秀",飞毛腿_摩根
老板娘3：女孩被男友出卖，惨遭多人轮流欺负，结局令人唏嘘,桂花树青春无悔
"末世降临一桶泡面就能换一个老婆，小伙直接给<em class=""keyword"">美女</em>搞了一顿“海底捞”这结果.....",茜茜剧解析
青春的气息，美美的小吊带,AnnieFashion
"偷偷躲床底下，本只想看网红<em class=""keyword"">美女</em>和榜一大哥的现场直播，没想到竟然目睹了一场....",茜茜剧解析
"劫匪挟持<em class=""keyword"">美女</em>姐妹花，用妹妹的性命威胁姐姐，竟命令她做任何事！",三毛观察员
"【按摩】顶级<em class=""keyword"">美女</em>享受淋巴循环手法治疗技术-肌肉放松伸展手法治疗技术-紧身性感<em class=""keyword"">美女</em>(手法治疗)",Novacaineee
“黑丝，肤白，貌美，大长腿，同样都是销售，你为何如此优秀！,茜茜剧解析丶
"女人得了一种怪病每月都会找小伙脱衣治病，面对身材哇塞的<em class=""keyword"">美女</em>，小伙使出独门绝技对付她",酷帅漫画社
"泳装<em class=""keyword"">美女</em>",美女动漫合集
"<em class=""keyword"">美女</em>合集！颜值控",杭州李冰冰o
身材不错，有肉感,洁白的小悍妇
"<em class=""keyword"">美女</em>人质为了活命任由劫匪摆布！",无忧剧场_
"性感大雷泳装<em class=""keyword"">美女</em>5",城南瓜已熟
"“肤白貌美大长腿，黑丝诱惑<em class=""keyword"">美女</em>来啦！”爆款吻戏短剧《天命大反派》",小龙剧场
"<em class=""keyword"">美女</em>霸气外露",飞毛腿_摩根
这个女老师太惨了,帝国总裁影视
"<em class=""keyword"">美女</em>为留下大客户竟当面脱掉黑丝，把自己献出去",才下美头
"这个<em class=""keyword"">美女</em>太骚了，老板忍不住上了！",美美观影
"盘点全网最性感<em class=""keyword"">美女</em>合集 (166)",172号卡分销系统一级
"【<em class=""keyword"">美女</em>，请别影响我学习】4K 最高画质 全结局 全流程通关攻略 真人互动恋爱游戏【完结】",11的游戏世界
【极致丝滑60帧】这谁看了不迷糊呀？,鹿Bai陆零
"黑丝大长腿<em class=""keyword"">美女</em>合集（2）",摸鱼的虚空
"【<em class=""keyword"">美女</em>保洁ep.1】<em class=""keyword"">美女</em>保洁的诱惑！",宝蓝和玩具门
年轻保姆穿着黑丝给男主人放水洗澡，搔首弄姿，这那个男人把持得住！,九儿电影o
"<em class=""keyword"">美女</em>被捆绑",叶秋爱动漫
好肉好白好性感 诱人又可口 满满的肉肉 想要一口,三尺有影WUDAREN
汉娜帕尔默 蓝色比基尼 美人出浴,美人馆中馆
镜头下的韩国女星，华莎没眼看，女团裙子掉落,娱圈毕业生
"末世来临小伙靠囤积的大量物资，从此每天<em class=""keyword"">美女</em>主动上门服务换物资",兮兮剧解析
"<em class=""keyword"">美女</em>推油SPA",飞毛腿_摩根
一起来练瑜伽,lu屏小将
"每日必看：<em class=""keyword"">美女</em>热舞合集",灰色的sheep
"小伙假扮盲人上门按摩，<em class=""keyword"">美女</em>直接脱光，小伙顶不住了....",茜茜剧解析
"女演员被骗到缅北后,真的太惨了",扑棱扑棱小貔貅
"每日必看：<em class=""keyword"">美女</em>热舞合集",灰色的sheep
炸裂！韩国女星下体被塞电动玩具出席颁奖典礼,充电宝卫萝卜
"坏人欺负<em class=""keyword"">美女</em>都喜欢从胸部开始？咸猪手真会享受",神猪说动漫
韩国小姐姐写真 天气真热啊,三尺有影WUDAREN
这是能播的吗！,美女直播录屏
"长视频<em class=""keyword"">美女</em>合集2",多类型港湾
"由于天气太热，<em class=""keyword"">美女</em>只好挂空挡，这样就会比较凉爽一点.....",茜茜剧解析
什么油那么丝滑？,Misamisaaa_a
"这谁顶得住？！被甜软<em class=""keyword"">美女</em>撩能做到不心动吗？【on9大挑战】",on9菌
"刺激，捂住鼻子防止鼻血冒出！韩国性感女神精彩演出，三段爱情小故事-关于xxoo的爱情故事。#做爱做的事##性感<em class=""keyword"">美女</em>##xxoo#",大仙说影
"李翰祥的杰作：一本正经男医生帮<em class=""keyword"">美女</em>打针，离谱到让你怀疑人生！",Boys电影
实地拍摄,wjwyjy
"<em class=""keyword"">美女</em>遭到了神秘男子脱光光绑在床上折磨一夜！醒来后却是在自己车上？事情却似乎没有那么简单",你看不看看
小伙穿越成摄政王，从此后宫是他家，就连皇后太后都要给他穿黑丝跳热舞...,兮兮剧解析
"小伙扒下<em class=""keyword"">美女</em>的白丝，转手就做了个弹弓！这弹性有这么好！？大型连续吻戏短剧",茜茜剧解析
带劲 过瘾啊,账号已注销
涵涵车上换比基尼教学,一念痴迷
小姐姐身材真好,爱闹爱玩-
"<em class=""keyword"">美女</em>为留下大客户竟当面脱掉黑丝，把自己献出去",才下美头
老板娘3：女孩被男友出卖，惨遭多人轮流欺负，结局令人唏嘘,桂花树青春无悔
"<em class=""keyword"">美女</em>内衣秀",飞毛腿_摩根
青春的气息，美美的小吊带,AnnieFashion
"偷偷躲床底下，本只想看网红<em class=""keyword"">美女</em>和榜一大哥的现场直播，没想到竟然目睹了一场....",茜茜剧解析
"【按摩】顶级<em class=""keyword"">美女</em>享受淋巴循环手法治疗技术-肌肉放松伸展手法治疗技术-紧身性感<em class=""keyword"">美女</em>(手法治疗)",Novacaineee
"盘点全网最性感<em class=""keyword"">美女</em>合集 (166)",172号卡分销系统一级
“黑丝，肤白，貌美，大长腿，同样都是销售，你为何如此优秀！,茜茜剧解析丶
"<em class=""keyword"">美女</em>合集！颜值控",杭州李冰冰o
"劫匪挟持<em class=""keyword"">美女</em>姐妹花，用妹妹的性命威胁姐姐，竟命令她做任何事！",三毛观察员
"女人得了一种怪病每月都会找小伙脱衣治病，面对身材哇塞的<em class=""keyword"">美女</em>，小伙使出独门绝技对付她",酷帅漫画社
身材不错，有肉感,洁白的小悍妇
镜头下的韩国女星，华莎没眼看，女团裙子掉落,娱圈毕业生
"<em class=""keyword"">美女</em>人质为了活命任由劫匪摆布！",无忧剧场_
"泳装<em class=""keyword"">美女</em>",美女动漫合集
"“肤白貌美大长腿，黑丝诱惑<em class=""keyword"">美女</em>来啦！”爆款吻戏短剧《天命大反派》",小龙剧场
"<em class=""keyword"">美女</em>霸气外露",飞毛腿_摩根
"这个<em class=""keyword"">美女</em>太骚了，老板忍不住上了！",美美观影
"<em class=""keyword"">美女</em>玩脱衣服游戏的时候太拼了",심용양
"刺激，捂住鼻子防止鼻血冒出！韩国性感女神精彩演出，三段爱情小故事-关于xxoo的爱情故事。#做爱做的事##性感<em class=""keyword"">美女</em>##xxoo#",大仙说影
实地拍摄,wjwyjy
"每日必看：<em class=""keyword"">美女</em>热舞合集",灰色的sheep
什么油那么丝滑？,Misamisaaa_a
"坏人欺负<em class=""keyword"">美女</em>都喜欢从胸部开始？咸猪手真会享受",神猪说动漫
小伙穿越成摄政王，从此后宫是他家，就连皇后太后都要给他穿黑丝跳热舞...,兮兮剧解析
涵涵车上换比基尼教学,一念痴迷
"清纯烧<em class=""keyword"">美女</em>风 既要又要还要的钓系穿搭",酒酿Lily王
"小伙扒下<em class=""keyword"">美女</em>的白丝，转手就做了个弹弓！这弹性有这么好！？大型连续吻戏短剧",茜茜剧解析
"<em class=""keyword"">美女</em>遭到了神秘男子脱光光绑在床上折磨一夜！醒来后却是在自己车上？事情却似乎没有那么简单",你看不看看
老板娘3：女孩被男友出卖，惨遭多人轮流欺负，结局令人唏嘘,桂花树青春无悔
"<em class=""keyword"">美女</em>内衣秀",飞毛腿_摩根
青春的气息，美美的小吊带,AnnieFashion
"末世降临一桶泡面就能换一个老婆，小伙直接给<em class=""keyword"">美女</em>搞了一顿“海底捞”这结果.....",茜茜剧解析
"偷偷躲床底下，本只想看网红<em class=""keyword"">美女</em>和榜一大哥的现场直播，没想到竟然目睹了一场....",茜茜剧解析
"泳装<em class=""keyword"">美女</em>",美女动漫合集
"劫匪挟持<em class=""keyword"">美女</em>姐妹花，用妹妹的性命威胁姐姐，竟命令她做任何事！",三毛观察员
镜头下的韩国女星，华莎没眼看，女团裙子掉落,娱圈毕业生
"<em class=""keyword"">美女</em>为留下大客户竟当面脱掉黑丝，把自己献出去",才下美头
"<em class=""keyword"">美女</em>合集！颜值控",杭州李冰冰o
"【按摩】顶级<em class=""keyword"">美女</em>享受淋巴循环手法治疗技术-肌肉放松伸展手法治疗技术-紧身性感<em class=""keyword"">美女</em>(手法治疗)",Novacaineee
"女人得了一种怪病每月都会找小伙脱衣治病，面对身材哇塞的<em class=""keyword"">美女</em>，小伙使出独门绝技对付她",酷帅漫画社
“黑丝，肤白，貌美，大长腿，同样都是销售，你为何如此优秀！,茜茜剧解析丶
身材不错，有肉感,洁白的小悍妇
"<em class=""keyword"">美女</em>人质为了活命任由劫匪摆布！",无忧剧场_
"盘点全网最性感<em class=""keyword"">美女</em>合集 (166)",172号卡分销系统一级
"性感大雷泳装<em class=""keyword"">美女</em>5",城南瓜已熟
"<em class=""keyword"">美女</em>霸气外露",飞毛腿_摩根
"这个<em class=""keyword"">美女</em>太骚了，老板忍不住上了！",美美观影
这个女老师太惨了,帝国总裁影视
【极致丝滑60帧】这谁看了不迷糊呀？,鹿Bai陆零
"【<em class=""keyword"">美女</em>，请别影响我学习】4K 最高画质 全结局 全流程通关攻略 真人互动恋爱游戏【完结】",11的游戏世界
"【<em class=""keyword"">美女</em>保洁ep.1】<em class=""keyword"">美女</em>保洁的诱惑！",宝蓝和玩具门
"黑丝大长腿<em class=""keyword"">美女</em>合集（2）",摸鱼的虚空
"“肤白貌美大长腿，黑丝诱惑<em class=""keyword"">美女</em>来啦！”爆款吻戏短剧《天命大反派》",小龙剧场
年轻保姆穿着黑丝给男主人放水洗澡，搔首弄姿，这那个男人把持得住！,九儿电影o
"偷偷躲床底下，本只想偷看网红<em class=""keyword"">美女</em>和榜一大哥的现场直播，没成想竟然目睹了一场...",你可能是个棒槌
"<em class=""keyword"">美女</em>被捆绑",叶秋爱动漫
汉娜帕尔默 蓝色比基尼 美人出浴,美人馆中馆
小仓优香 完美身材与天使笑颜！写真杂志拍摄 2,绚濑星群
好肉好白好性感 诱人又可口 满满的肉肉 想要一口,三尺有影WUDAREN
"<em class=""keyword"">美女</em>玩脱衣服游戏的时候太拼了",심용양
"由于天气太热，<em class=""keyword"">美女</em>只好挂空挡，这样就会比较凉爽一点.....",茜茜剧解析
"<em class=""keyword"">美女</em>推油SPA",飞毛腿_摩根
韩国小姐姐写真 天气真热啊,三尺有影WUDAREN
"每日必看：<em class=""keyword"">美女</em>热舞合集",灰色的sheep
这是能播的吗！,美女直播录屏
"长视频<em class=""keyword"">美女</em>合集2",多类型港湾
"刺激，捂住鼻子防止鼻血冒出！韩国性感女神精彩演出，三段爱情小故事-关于xxoo的爱情故事。#做爱做的事##性感<em class=""keyword"">美女</em>##xxoo#",大仙说影
实地拍摄,wjwyjy
什么油那么丝滑？,Misamisaaa_a
"每日必看：<em class=""keyword"">美女</em>热舞合集",灰色的sheep
"<em class=""keyword"">美女</em>遭到了神秘男子脱光光绑在床上折磨一夜！醒来后却是在自己车上？事情却似乎没有那么简单",你看不看看
"清纯烧<em class=""keyword"">美女</em>风 既要又要还要的钓系穿搭",酒酿Lily王
"坏人欺负<em class=""keyword"">美女</em>都喜欢从胸部开始？咸猪手真会享受",神猪说动漫
小伙穿越成摄政王，从此后宫是他家，就连皇后太后都要给他穿黑丝跳热舞...,兮兮剧解析
"小伙扒下<em class=""keyword"">美女</em>的白丝，转手就做了个弹弓！这弹性有这么好！？大型连续吻戏短剧",茜茜剧解析
涵涵车上换比基尼教学,一念痴迷
"<em class=""keyword"">美女</em>合集3",一眼心动呀0202
老板娘3：女孩被男友出卖，惨遭多人轮流欺负，结局令人唏嘘,桂花树青春无悔
青春的气息，美美的小吊带,AnnieFashion
"末世降临一桶泡面就能换一个老婆，小伙直接给<em class=""keyword"">美女</em>搞了一顿“海底捞”这结果.....",茜茜剧解析
"偷偷躲床底下，本只想看网红<em class=""keyword"">美女</em>和榜一大哥的现场直播，没想到竟然目睹了一场....",茜茜剧解析
“黑丝，肤白，貌美，大长腿，同样都是销售，你为何如此优秀！,茜茜剧解析丶
"泳装<em class=""keyword"">美女</em>",美女动漫合集
"劫匪挟持<em class=""keyword"">美女</em>姐妹花，用妹妹的性命威胁姐姐，竟命令她做任何事！",三毛观察员
"<em class=""keyword"">美女</em>为留下大客户竟当面脱掉黑丝，把自己献出去",才下美头
"<em class=""keyword"">美女</em>合集！颜值控",杭州李冰冰o
"【按摩】顶级<em class=""keyword"">美女</em>享受淋巴循环手法治疗技术-肌肉放松伸展手法治疗技术-紧身性感<em class=""keyword"">美女</em>(手法治疗)",Novacaineee
"女人得了一种怪病每月都会找小伙脱衣治病，面对身材哇塞的<em class=""keyword"">美女</em>，小伙使出独门绝技对付她",酷帅漫画社
身材不错，有肉感,洁白的小悍妇
镜头下的韩国女星，华莎没眼看，女团裙子掉落,娱圈毕业生
"<em class=""keyword"">美女</em>人质为了活命任由劫匪摆布！",无忧剧场_
"盘点全网最性感<em class=""keyword"">美女</em>合集 (166)",172号卡分销系统一级
"<em class=""keyword"">美女</em>霸气外露",飞毛腿_摩根
"这个<em class=""keyword"">美女</em>太骚了，老板忍不住上了！",美美观影
这个女老师太惨了,帝国总裁影视
"“肤白貌美大长腿，黑丝诱惑<em class=""keyword"">美女</em>来啦！”爆款吻戏短剧《天命大反派》",小龙剧场
【极致丝滑60帧】这谁看了不迷糊呀？,鹿Bai陆零
"【<em class=""keyword"">美女</em>保洁ep.1】<em class=""keyword"">美女</em>保洁的诱惑！",宝蓝和玩具门
年轻保姆穿着黑丝给男主人放水洗澡，搔首弄姿，这那个男人把持得住！,九儿电影o
"黑丝大长腿<em class=""keyword"">美女</em>合集（2）",摸鱼的虚空
"偷偷躲床底下，本只想偷看网红<em class=""keyword"">美女</em>和榜一大哥的现场直播，没成想竟然目睹了一场...",你可能是个棒槌
汉娜帕尔默 蓝色比基尼 美人出浴,美人馆中馆
真不错呢！哈哈哈,布剪石头吖
"这黑丝，这<em class=""keyword"">美女</em>，我上我也行，不知道你们行不行..",兮兮剧解析
【李研雨写真】G杯美少女，没有做过一次整容手术的女大学生身材...,宝蓝和玩具门
小姨子勾引姐夫，暧昧已经溢屏幕了,個久吐煙圈
绅士们，6分钟看完搜查官绝不会输！,哭泣动漫君
"求求你们看点正常的<em class=""keyword"">美女</em>吧",账号已注销
一起来练瑜伽,lu屏小将
"变态男老师脱光衣服居然躺在性感黑丝肉丝丝袜短裙制服包臀裙<em class=""keyword"">美女</em>学生的床下 只为亲眼目睹",静若处子う
Kana Saotome - 脱掉所有内衣，用报纸遮住换衣服！,多尼_沃米里安
"清纯烧<em class=""keyword"">美女</em>风 既要又要还要的钓系穿搭",酒酿Lily王
"每日必看：<em class=""keyword"">美女</em>热舞合集",灰色的sheep
粉丝想看我穿泳装，这也太害羞了吧。,唐卡七
"<em class=""keyword"">美女</em>热舞合集",灰色的sheep
"<em class=""keyword"">美女</em>推油SPA",飞毛腿_摩根
"女演员被骗到缅北后,真的太惨了",扑棱扑棱小貔貅
"每日必看：<em class=""keyword"">美女</em>热舞合集",灰色的sheep
韩国小姐姐写真 天气真热啊,三尺有影WUDAREN
这是能播的吗！,美女直播录屏
"这谁顶得住？！被甜软<em class=""keyword"">美女</em>撩能做到不心动吗？【on9大挑战】",on9菌
"盘点全网最性感<em class=""keyword"">美女</em>合集 (166)",172号卡分销系统一级
"坏人欺负<em class=""keyword"">美女</em>都喜欢从胸部开始？咸猪手真会享受",神猪说动漫
"李翰祥的杰作：一本正经男医生帮<em class=""keyword"">美女</em>打针，离谱到让你怀疑人生！",Boys电影
实地拍摄,wjwyjy
"劫匪挟持<em class=""keyword"">美女</em>姐妹花，用妹妹的性命威胁姐姐，竟命令她做任何事！",三毛观察员
"【<em class=""keyword"">美女</em>保洁ep.1】<em class=""keyword"">美女</em>保洁的诱惑！",宝蓝和玩具门
小伙穿越成摄政王，从此后宫是他家，就连皇后太后都要给他穿黑丝跳热舞...,兮兮剧解析
涵涵车上换比基尼教学,一念痴迷
"小伙扒下<em class=""keyword"">美女</em>的白丝，转手就做了个弹弓！这弹性有这么好！？大型连续吻戏短剧",茜茜剧解析
带劲 过瘾啊,账号已注销
"<em class=""keyword"">美女</em>内衣秀",飞毛腿_摩根
小姐姐身材真好,爱闹爱玩-
这黑丝撕的真得劲，我也照顾下你老婆还是在车上,才下美头
【Ruby May】BLACKBOUGH 比基尼泳衣试穿 Part Two,油土山车手
青春的气息，美美的小吊带,AnnieFashion
"偷偷躲床底下，本只想看网红<em class=""keyword"">美女</em>和榜一大哥的现场直播，没想到竟然目睹了一场....",茜茜剧解析
"【按摩】顶级<em class=""keyword"">美女</em>享受淋巴循环手法治疗技术-肌肉放松伸展手法治疗技术-紧身性感<em class=""keyword"">美女</em>(手法治疗)",Novacaineee
"<em class=""keyword"">美女</em>霸气外露",飞毛腿_摩根
"<em class=""keyword"">美女</em>人质为了活命任由劫匪摆布！",无忧剧场_
"女人得了一种怪病每月都会找小伙脱衣治病，面对身材哇塞的<em class=""keyword"">美女</em>，小伙使出独门绝技对付她",酷帅漫画社
"<em class=""keyword"">美女</em>合集！颜值控",杭州李冰冰o
身材不错，有肉感,洁白的小悍妇
【极致丝滑60帧】这谁看了不迷糊呀？,鹿Bai陆零
"刺激，捂住鼻子防止鼻血冒出！韩国性感女神精彩演出，三段爱情小故事-关于xxoo的爱情故事。#做爱做的事##性感<em class=""keyword"">美女</em>##xxoo#",大仙说影
这是能播的吗！,美女直播录屏
"这谁顶得住？！被甜软<em class=""keyword"">美女</em>撩能做到不心动吗？【on9大挑战】",on9菌
什么油那么丝滑？,Misamisaaa_a
实地拍摄,wjwyjy
"长视频<em class=""keyword"">美女</em>合集2",多类型港湾
"<em class=""keyword"">美女</em>遭到了神秘男子脱光光绑在床上折磨一夜！醒来后却是在自己车上？事情却似乎没有那么简单",你看不看看
"清纯烧<em class=""keyword"">美女</em>风 既要又要还要的钓系穿搭",酒酿Lily王
小伙穿越成摄政王，从此后宫是他家，就连皇后太后都要给他穿黑丝跳热舞...,兮兮剧解析
"坏人欺负<em class=""keyword"">美女</em>都喜欢从胸部开始？咸猪手真会享受",神猪说动漫
"小伙扒下<em class=""keyword"">美女</em>的白丝，转手就做了个弹弓！这弹性有这么好！？大型连续吻戏短剧",茜茜剧解析
涵涵车上换比基尼教学,一念痴迷
老板娘3：女孩被男友出卖，惨遭多人轮流欺负，结局令人唏嘘,桂花树青春无悔
"<em class=""keyword"">美女</em>内衣秀",飞毛腿_摩根
"偷偷躲床底下，本只想看网红<em class=""keyword"">美女</em>和榜一大哥的现场直播，没想到竟然目睹了一场....",茜茜剧解析
青春的气息，美美的小吊带,AnnieFashion
"末世降临一桶泡面就能换一个老婆，小伙直接给<em class=""keyword"">美女</em>搞了一顿“海底捞”这结果.....",茜茜剧解析
“黑丝，肤白，貌美，大长腿，同样都是销售，你为何如此优秀！,茜茜剧解析丶
"劫匪挟持<em class=""keyword"">美女</em>姐妹花，用妹妹的性命威胁姐姐，竟命令她做任何事！",三毛观察员
"【按摩】顶级<em class=""keyword"">美女</em>享受淋巴循环手法治疗技术-肌肉放松伸展手法治疗技术-紧身性感<em class=""keyword"">美女</em>(手法治疗)",Novacaineee
镜头下的韩国女星，华莎没眼看，女团裙子掉落,娱圈毕业生
"性感大雷泳装<em class=""keyword"">美女</em>5",城南瓜已熟
"<em class=""keyword"">美女</em>合集！颜值控",杭州李冰冰o
"女人得了一种怪病每月都会找小伙脱衣治病，面对身材哇塞的<em class=""keyword"">美女</em>，小伙使出独门绝技对付她",酷帅漫画社
"泳装<em class=""keyword"">美女</em>",美女动漫合集
【极致丝滑60帧】这谁看了不迷糊呀？,鹿Bai陆零
身材不错，有肉感,洁白的小悍妇
"<em class=""keyword"">美女</em>人质为了活命任由劫匪摆布！",无忧剧场_
"“肤白貌美大长腿，黑丝诱惑<em class=""keyword"">美女</em>来啦！”爆款吻戏短剧《天命大反派》",小龙剧场
"<em class=""keyword"">美女</em>为留下大客户竟当面脱掉黑丝，把自己献出去",才下美头
"盘点全网最性感<em class=""keyword"">美女</em>合集 (166)",172号卡分销系统一级
"这个<em class=""keyword"">美女</em>太骚了，老板忍不住上了！",美美观影
"<em class=""keyword"">美女</em>霸气外露",飞毛腿_摩根
这个女老师太惨了,帝国总裁影视
"【<em class=""keyword"">美女</em>，请别影响我学习】4K 最高画质 全结局 全流程通关攻略 真人互动恋爱游戏【完结】",11的游戏世界
"黑丝大长腿<em class=""keyword"">美女</em>合集（2）",摸鱼的虚空
年轻保姆穿着黑丝给男主人放水洗澡，搔首弄姿，这那个男人把持得住！,九儿电影o
"【<em class=""keyword"">美女</em>保洁ep.1】<em class=""keyword"">美女</em>保洁的诱惑！",宝蓝和玩具门
好肉好白好性感 诱人又可口 满满的肉肉 想要一口,三尺有影WUDAREN
"<em class=""keyword"">美女</em>被捆绑",叶秋爱动漫
"偷偷躲床底下，本只想偷看网红<em class=""keyword"">美女</em>和榜一大哥的现场直播，没成想竟然目睹了一场...",你可能是个棒槌
汉娜帕尔默 蓝色比基尼 美人出浴,美人馆中馆
"清纯烧<em class=""keyword"">美女</em>风 既要又要还要的钓系穿搭",酒酿Lily王
"<em class=""keyword"">美女</em>热舞合集",灰色的sheep
一起来练瑜伽,lu屏小将
"每日必看：<em class=""keyword"">美女</em>热舞合集",灰色的sheep
"这黑丝，这<em class=""keyword"">美女</em>，我上我也行，不知道你们行不行...",兮兮剧解析
"小伙假扮盲人上门按摩，<em class=""keyword"">美女</em>直接脱光，小伙顶不住了....",茜茜剧解析
"女演员被骗到缅北后,真的太惨了",扑棱扑棱小貔貅
"每日必看：<em class=""keyword"">美女</em>热舞合集",灰色的sheep
炸裂！韩国女星下体被塞电动玩具出席颁奖典礼,充电宝卫萝卜
"坏人欺负<em class=""keyword"">美女</em>都喜欢从胸部开始？咸猪手真会享受",神猪说动漫
韩国小姐姐写真 天气真热啊,三尺有影WUDAREN
这是能播的吗！,美女直播录屏
"长视频<em class=""keyword"">美女</em>合集2",多类型港湾
"由于天气太热，<em class=""keyword"">美女</em>只好挂空挡，这样就会比较凉爽一点.....",茜茜剧解析
"刺激，捂住鼻子防止鼻血冒出！韩国性感女神精彩演出，三段爱情小故事-关于xxoo的爱情故事。#做爱做的事##性感<em class=""keyword"">美女</em>##xxoo#",大仙说影
什么油那么丝滑？,Misamisaaa_a
"这谁顶得住？！被甜软<em class=""keyword"">美女</em>撩能做到不心动吗？【on9大挑战】",on9菌
"李翰祥的杰作：一本正经男医生帮<em class=""keyword"">美女</em>打针，离谱到让你怀疑人生！",Boys电影
实地拍摄,wjwyjy
小伙穿越成摄政王，从此后宫是他家，就连皇后太后都要给他穿黑丝跳热舞...,兮兮剧解析
"小伙扒下<em class=""keyword"">美女</em>的白丝，转手就做了个弹弓！这弹性有这么好！？大型连续吻戏短剧",茜茜剧解析
带劲 过瘾啊,账号已注销
涵涵车上换比基尼教学,一念痴迷
小姐姐身材真好,爱闹爱玩-
"<em class=""keyword"">美女</em>为留下大客户竟当面脱掉黑丝，把自己献出去",才下美头
老板娘3：女孩被男友出卖，惨遭多人轮流欺负，结局令人唏嘘,桂花树青春无悔
"<em class=""keyword"">美女</em>内衣秀",飞毛腿_摩根
“黑丝，肤白，貌美，大长腿，同样都是销售，你为何如此优秀！,茜茜剧解析丶
青春的气息，美美的小吊带,AnnieFashion
"偷偷躲床底下，本只想看网红<em class=""keyword"">美女</em>和榜一大哥的现场直播，没想到竟然目睹了一场....",茜茜剧解析
"【按摩】顶级<em class=""keyword"">美女</em>享受淋巴循环手法治疗技术-肌肉放松伸展手法治疗技术-紧身性感<em class=""keyword"">美女</em>(手法治疗)",Novacaineee
身材不错，有肉感,洁白的小悍妇
"盘点全网最性感<em class=""keyword"">美女</em>合集 (166)",172号卡分销系统一级
"女人得了一种怪病每月都会找小伙脱衣治病，面对身材哇塞的<em class=""keyword"">美女</em>，小伙使出独门绝技对付她",酷帅漫画社
"<em class=""keyword"">美女</em>合集！颜值控",杭州李冰冰o
"<em class=""keyword"">美女</em>人质为了活命任由劫匪摆布！",无忧剧场_
镜头下的韩国女星，华莎没眼看，女团裙子掉落,娱圈毕业生
"泳装<em class=""keyword"">美女</em>",美女动漫合集
"由于天气太热，<em class=""keyword"">美女</em>只好脱掉蕾丝挂空挡，这样就会比较凉爽一点",西西剧解析
"“肤白貌美大长腿，黑丝诱惑<em class=""keyword"">美女</em>来啦！”爆款吻戏短剧《天命大反派》",小龙剧场
"<em class=""keyword"">美女</em>霸气外露",飞毛腿_摩根
"这个<em class=""keyword"">美女</em>太骚了，老板忍不住上了！",美美观影
"<em class=""keyword"">美女</em>推油SPA",飞毛腿_摩根
"小伙扒下<em class=""keyword"">美女</em>的白丝，转手就做了个弹弓！这弹性有这么好！？大型连续吻戏短剧",茜茜剧解析
一起来练瑜伽,lu屏小将
"偷偷躲床底下，本只想偷看网红<em class=""keyword"">美女</em>和榜一大哥的现场直播，没成想竟然目睹了一场...",你可能是个棒槌
"每日必看：<em class=""keyword"">美女</em>热舞合集",灰色的sheep
"女演员被骗到缅北后,真的太惨了",扑棱扑棱小貔貅
炸裂！韩国女星下体被塞电动玩具出席颁奖典礼,充电宝卫萝卜
"每日必看：<em class=""keyword"">美女</em>热舞合集",灰色的sheep
"坏人欺负<em class=""keyword"">美女</em>都喜欢从胸部开始？咸猪手真会享受",神猪说动漫
"<em class=""keyword"">美女</em>热舞合集",灰色的sheep
"长视频<em class=""keyword"">美女</em>合集2",多类型港湾
这是能播的吗！,美女直播录屏
韩国小姐姐写真 天气真热啊,三尺有影WUDAREN
什么油那么丝滑？,Misamisaaa_a
"刺激，捂住鼻子防止鼻血冒出！韩国性感女神精彩演出，三段爱情小故事-关于xxoo的爱情故事。#做爱做的事##性感<em class=""keyword"">美女</em>##xxoo#",大仙说影
实地拍摄,wjwyjy
"<em class=""keyword"">美女</em>隐私部位被毒箭射中，小伙直接用嘴帮她吸出来，这可把她吓坏了~",兮兮剧解析
"比基尼性感<em class=""keyword"">美女</em>",和暖男碰了个杯
小伙穿越成摄政王，从此后宫是他家，就连皇后太后都要给他穿黑丝跳热舞...,兮兮剧解析
身材不错，有肉感,洁白的小悍妇
带劲 过瘾啊,账号已注销
涵涵车上换比基尼教学,一念痴迷
小姐姐身材真好,爱闹爱玩-
"<em class=""keyword"">美女</em>为留下大客户竟当面脱掉黑丝，把自己献出去",才下美头
"末世来临小伙靠囤积的大量物资，从此每天<em class=""keyword"">美女</em>主动上门服务换物资",兮兮剧解析
青春的气息，美美的小吊带,AnnieFashion
老板娘3：女孩被男友出卖，惨遭多人轮流欺负，结局令人唏嘘,桂花树青春无悔
"<em class=""keyword"">美女</em>内衣秀",飞毛腿_摩根
"偷偷躲床底下，本只想看网红<em class=""keyword"">美女</em>和榜一大哥的现场直播，没想到竟然目睹了一场....",茜茜剧解析
"“18岁小伙和30岁<em class=""keyword"">美女</em>一夜狂欢后，不仅没戴小雨伞，还拍了照片”爆款吻戏短剧《年下弟弟过分野》",小龙剧场
"【按摩】顶级<em class=""keyword"">美女</em>享受淋巴循环手法治疗技术-肌肉放松伸展手法治疗技术-紧身性感<em class=""keyword"">美女</em>(手法治疗)",Novacaineee
“黑丝，肤白，貌美，大长腿，同样都是销售，你为何如此优秀！,茜茜剧解析丶
"劫匪挟持<em class=""keyword"">美女</em>姐妹花，用妹妹的性命威胁姐姐，竟命令她做任何事！",三毛观察员
"女人得了一种怪病每月都会找小伙脱衣治病，面对身材哇塞的<em class=""keyword"">美女</em>，小伙使出独门绝技对付她",酷帅漫画社
"<em class=""keyword"">美女</em>合集！颜值控",杭州李冰冰o
"盘点全网最性感<em class=""keyword"">美女</em>合集 (166)",172号卡分销系统一级
镜头下的韩国女星，华莎没眼看，女团裙子掉落,娱圈毕业生
"由于天气太热，<em class=""keyword"">美女</em>只好丝挂空挡，这样就会比较凉爽一点....",茜茜剧解析
"<em class=""keyword"">美女</em>人质为了活命任由劫匪摆布！",无忧剧场_
"“肤白貌美大长腿，黑丝诱惑<em class=""keyword"">美女</em>来啦！”爆款吻戏短剧《天命大反派》",小龙剧场
"这个<em class=""keyword"">美女</em>太骚了，老板忍不住上了！",美美观影
"<em class=""keyword"">美女</em>霸气外露",飞毛腿_摩根
韩国小姐姐写真 天气真热啊,三尺有影WUDAREN
"<em class=""keyword"">美女</em>推油SPA",飞毛腿_摩根
"每日必看：<em class=""keyword"">美女</em>热舞合集",灰色的sheep
"由于天气太热，<em class=""keyword"">美女</em>只好挂空挡，这样就会比较凉爽一点.....",茜茜剧解析
这是能播的吗！,美女直播录屏
"刺激，捂住鼻子防止鼻血冒出！韩国性感女神精彩演出，三段爱情小故事-关于xxoo的爱情故事。#做爱做的事##性感<em class=""keyword"">美女</em>##xxoo#",大仙说影
实地拍摄,wjwyjy
什么油那么丝滑？,Misamisaaa_a
"每日必看：<em class=""keyword"">美女</em>热舞合集",灰色的sheep
"长视频<em class=""keyword"">美女</em>合集2",多类型港湾
小伙穿越成摄政王，从此后宫是他家，就连皇后太后都要给他穿黑丝跳热舞...,兮兮剧解析
"坏人欺负<em class=""keyword"">美女</em>都喜欢从胸部开始？咸猪手真会享受",神猪说动漫
涵涵车上换比基尼教学,一念痴迷
"清纯烧<em class=""keyword"">美女</em>风 既要又要还要的钓系穿搭",酒酿Lily王
"小伙扒下<em class=""keyword"">美女</em>的白丝，转手就做了个弹弓！这弹性有这么好！？大型连续吻戏短剧",茜茜剧解析
老板娘3：女孩被男友出卖，惨遭多人轮流欺负，结局令人唏嘘,桂花树青春无悔
"末世降临一桶泡面就能换一个老婆，小伙直接给<em class=""keyword"">美女</em>搞了一顿“海底捞”这结果.....",茜茜剧解析
青春的气息，美美的小吊带,AnnieFashion
"偷偷躲床底下，本只想看网红<em class=""keyword"">美女</em>和榜一大哥的现场直播，没想到竟然目睹了一场....",茜茜剧解析
镜头下的韩国女星，华莎没眼看，女团裙子掉落,娱圈毕业生
"劫匪挟持<em class=""keyword"">美女</em>姐妹花，用妹妹的性命威胁姐姐，竟命令她做任何事！",三毛观察员
"【按摩】顶级<em class=""keyword"">美女</em>享受淋巴循环手法治疗技术-肌肉放松伸展手法治疗技术-紧身性感<em class=""keyword"">美女</em>(手法治疗)",Novacaineee
"<em class=""keyword"">美女</em>合集！颜值控",杭州李冰冰o
"女人得了一种怪病每月都会找小伙脱衣治病，面对身材哇塞的<em class=""keyword"">美女</em>，小伙使出独门绝技对付她",酷帅漫画社
“黑丝，肤白，貌美，大长腿，同样都是销售，你为何如此优秀！,茜茜剧解析丶
身材不错，有肉感,洁白的小悍妇
"<em class=""keyword"">美女</em>人质为了活命任由劫匪摆布！",无忧剧场_
"盘点全网最性感<em class=""keyword"">美女</em>合集 (166)",172号卡分销系统一级
"“肤白貌美大长腿，黑丝诱惑<em class=""keyword"">美女</em>来啦！”爆款吻戏短剧《天命大反派》",小龙剧场
这个女老师太惨了,帝国总裁影视
"<em class=""keyword"">美女</em>为留下大客户竟当面脱掉黑丝，把自己献出去",才下美头
"这个<em class=""keyword"">美女</em>太骚了，老板忍不住上了！",美美观影
"<em class=""keyword"">美女</em>霸气外露",飞毛腿_摩根
【极致丝滑60帧】这谁看了不迷糊呀？,鹿Bai陆零
"【<em class=""keyword"">美女</em>保洁ep.1】<em class=""keyword"">美女</em>保洁的诱惑！",宝蓝和玩具门
年轻保姆穿着黑丝给男主人放水洗澡，搔首弄姿，这那个男人把持得住！,九儿电影o
"黑丝大长腿<em class=""keyword"">美女</em>合集（2）",摸鱼的虚空
"<em class=""keyword"">美女</em>被捆绑",叶秋爱动漫
"偷偷躲床底下，本只想偷看网红<em class=""keyword"">美女</em>和榜一大哥的现场直播，没成想竟然目睹了一场...",你可能是个棒槌
汉娜帕尔默 蓝色比基尼 美人出浴,美人馆中馆
好肉好白好性感 诱人又可口 满满的肉肉 想要一口,三尺有影WUDAREN
"<em class=""keyword"">美女</em>玩脱衣服游戏的时候太拼了",심용양
"<em class=""keyword"">美女</em>热舞合集",灰色的sheep
"<em class=""keyword"">美女</em>推油SPA",飞毛腿_摩根
"每日必看：<em class=""keyword"">美女</em>热舞合集",灰色的sheep
一起来练瑜伽,lu屏小将
"女演员被骗到缅北后,真的太惨了",扑棱扑棱小貔貅
这个女老师太惨了,帝国总裁影视
"每日必看：<em class=""keyword"">美女</em>热舞合集",灰色的sheep
"小伙假扮盲人上门按摩，<em class=""keyword"">美女</em>直接脱光，小伙顶不住了....",茜茜剧解析
"坏人欺负<em class=""keyword"">美女</em>都喜欢从胸部开始？咸猪手真会享受",神猪说动漫
韩国小姐姐写真 天气真热啊,三尺有影WUDAREN
这是能播的吗！,美女直播录屏
"<em class=""keyword"">美女</em>大学生为了赚外快，跑到成人网站搞直播，很黄很暴力的恐怖片《女孩闺房》",电影迷小雅
"<em class=""keyword"">美女</em>合集！颜值控",杭州李冰冰o
"长视频<em class=""keyword"">美女</em>合集2",多类型港湾
什么油那么丝滑？,Misamisaaa_a
"李翰祥的杰作：一本正经男医生帮<em class=""keyword"">美女</em>打针，离谱到让你怀疑人生！",Boys电影
"这谁顶得住？！被甜软<em class=""keyword"">美女</em>撩能做到不心动吗？【on9大挑战】",on9菌
实地拍摄,wjwyjy
小伙穿越成摄政王，从此后宫是他家，就连皇后太后都要给他穿黑丝跳热舞...,兮兮剧解析
"偷偷躲床底下，本只想看网红<em class=""keyword"">美女</em>和榜一大哥的现场直播，没想到竟然目睹了一场....",茜茜剧解析
"小伙扒下<em class=""keyword"">美女</em>的白丝，转手就做了个弹弓！这弹性有这么好！？大型连续吻戏短剧",茜茜剧解析
带劲 过瘾啊,账号已注销
涵涵车上换比基尼教学,一念痴迷
小姐姐身材真好,爱闹爱玩-
"<em class=""keyword"">美女</em>为留下大客户竟当面脱掉黑丝，把自己献出去",才下美头
老板娘3：女孩被男友出卖，惨遭多人轮流欺负，结局令人唏嘘,桂花树青春无悔
这黑丝撕的真得劲，我也照顾下你老婆还是在车上,才下美头
皇上每晚都会逼迫太后脱衣服，可太后脱到只剩遮羞布他却一脸嫌弃...,xixi剧解析-
"<em class=""keyword"">美女</em>内衣秀",飞毛腿_摩根
青春的气息，美美的小吊带,AnnieFashion
"【按摩】顶级<em class=""keyword"">美女</em>享受淋巴循环手法治疗技术-肌肉放松伸展手法治疗技术-紧身性感<em class=""keyword"">美女</em>(手法治疗)",Novacaineee
身材不错，有肉感,洁白的小悍妇
“黑丝，肤白，貌美，大长腿，同样都是销售，你为何如此优秀！,茜茜剧解析丶
"泳装<em class=""keyword"">美女</em>",美女动漫合集
"【韩剧吻戏】牛仔裤<em class=""keyword"">美女</em>在男主的亲吻本来还挺矜持，一想到闺蜜的叮嘱，马上变得主动，坐在男主的腿上亲吻！",财阀训练营
"劫匪挟持<em class=""keyword"">美女</em>姐妹花，用妹妹的性命威胁姐姐，竟命令她做任何事！",三毛观察员
"<em class=""keyword"">美女</em>玩脱衣服游戏的时候太拼了",심용양
"女人得了一种怪病每月都会找小伙脱衣治病，面对身材哇塞的<em class=""keyword"">美女</em>，小伙使出独门绝技对付她",酷帅漫画社
"<em class=""keyword"">美女</em>主动献出一血后，男主彻底沦陷了~",八幡_大老师
"盘点全网最性感<em class=""keyword"">美女</em>合集 (166)",172号卡分销系统一级
"<em class=""keyword"">美女</em>人质为了活命任由劫匪摆布！",无忧剧场_
镜头下的韩国女星，华莎没眼看，女团裙子掉落,娱圈毕业生
"<em class=""keyword"">美女</em>推油SPA",飞毛腿_摩根
粉丝想看我穿泳装，这也太害羞了吧。,唐卡七
"清纯烧<em class=""keyword"">美女</em>风 既要又要还要的钓系穿搭",酒酿Lily王
"<em class=""keyword"">美女</em>热舞合集",灰色的sheep
"每日必看：<em class=""keyword"">美女</em>热舞合集",灰色的sheep
"小伙假扮盲人上门按摩，<em class=""keyword"">美女</em>直接脱光，小伙顶不住了....",茜茜剧解析
"女演员被骗到缅北后,真的太惨了",扑棱扑棱小貔貅
"每日必看：<em class=""keyword"">美女</em>热舞合集",灰色的sheep
炸裂！韩国女星下体被塞电动玩具出席颁奖典礼,充电宝卫萝卜
"长视频<em class=""keyword"">美女</em>合集2",多类型港湾
这是能播的吗！,美女直播录屏
"由于天气太热，<em class=""keyword"">美女</em>只好挂空挡，这样就会比较凉爽一点.....",茜茜剧解析
韩国小姐姐写真 天气真热啊,三尺有影WUDAREN
"刺激，捂住鼻子防止鼻血冒出！韩国性感女神精彩演出，三段爱情小故事-关于xxoo的爱情故事。#做爱做的事##性感<em class=""keyword"">美女</em>##xxoo#",大仙说影
什么油那么丝滑？,Misamisaaa_a
"坏人欺负<em class=""keyword"">美女</em>都喜欢从胸部开始？咸猪手真会享受",神猪说动漫
"李翰祥的杰作：一本正经男医生帮<em class=""keyword"">美女</em>打针，离谱到让你怀疑人生！",Boys电影
实地拍摄,wjwyjy
小伙穿越成摄政王，从此后宫是他家，就连皇后太后都要给他穿黑丝跳热舞...,兮兮剧解析
"小伙扒下<em class=""keyword"">美女</em>的白丝，转手就做了个弹弓！这弹性有这么好！？大型连续吻戏短剧",茜茜剧解析
带劲 过瘾啊,账号已注销
"<em class=""keyword"">美女</em>为留下大客户竟当面脱掉黑丝，把自己献出去",才下美头
青春的气息，美美的小吊带,AnnieFashion
老板娘3：女孩被男友出卖，惨遭多人轮流欺负，结局令人唏嘘,桂花树青春无悔
皇上每晚都会逼迫太后脱衣服，可太后脱到只剩遮羞布他却一脸嫌弃...,xixi剧解析-
"这个<em class=""keyword"">美女</em>太骚了，男人有点忍不了！",美美观影
"偷偷躲床底下，本只想看网红<em class=""keyword"">美女</em>和榜一大哥的现场直播，没想到竟然目睹了一场....",茜茜剧解析
"末世降临一桶泡面就能换一个老婆，小伙直接给<em class=""keyword"">美女</em>搞了一顿“海底捞”这结果.....",茜茜剧解析
"【按摩】顶级<em class=""keyword"">美女</em>享受淋巴循环手法治疗技术-肌肉放松伸展手法治疗技术-紧身性感<em class=""keyword"">美女</em>(手法治疗)",Novacaineee
"盘点全网最性感<em class=""keyword"">美女</em>合集 (166)",172号卡分销系统一级
"女人得了一种怪病每月都会找小伙脱衣治病，面对身材哇塞的<em class=""keyword"">美女</em>，小伙使出独门绝技对付她",酷帅漫画社
"<em class=""keyword"">美女</em>合集！颜值控",杭州李冰冰o
身材不错，有肉感,洁白的小悍妇
"<em class=""keyword"">美女</em>人质为了活命任由劫匪摆布！",无忧剧场_
"泳装<em class=""keyword"">美女</em>",美女动漫合集
"“肤白貌美大长腿，黑丝诱惑<em class=""keyword"">美女</em>来啦！”爆款吻戏短剧《天命大反派》",小龙剧场
"这个<em class=""keyword"">美女</em>太骚了，老板忍不住上了！",美美观影
这个女老师太惨了,帝国总裁影视
"<em class=""keyword"">美女</em>霸气外露",飞毛腿_摩根
“黑丝，肤白，貌美，大长腿，同样都是销售，你为何如此优秀！,茜茜剧解析丶
【极致丝滑60帧】这谁看了不迷糊呀？,鹿Bai陆零
"超长<em class=""keyword"">美女</em>合集视频，喜欢➕",多类型港湾
"刺激，捂住鼻子防止鼻血冒出！韩国性感女神精彩演出，三段爱情小故事-关于xxoo的爱情故事。#做爱做的事##性感<em class=""keyword"">美女</em>##xxoo#",大仙说影
"每日必看：<em class=""keyword"">美女</em>热舞合集",灰色的sheep
"由于天气太热，<em class=""keyword"">美女</em>只好挂空挡，这样就会比较凉爽一点.....",茜茜剧解析
这是能播的吗！,美女直播录屏
"这谁顶得住？！被甜软<em class=""keyword"">美女</em>撩能做到不心动吗？【on9大挑战】",on9菌
实地拍摄,wjwyjy
"每日必看：<em class=""keyword"">美女</em>热舞合集",灰色的sheep
什么油那么丝滑？,Misamisaaa_a
"长视频<em class=""keyword"">美女</em>合集2",多类型港湾
"坏人欺负<em class=""keyword"">美女</em>都喜欢从胸部开始？咸猪手真会享受",神猪说动漫
小伙穿越成摄政王，从此后宫是他家，就连皇后太后都要给他穿黑丝跳热舞...,兮兮剧解析
涵涵车上换比基尼教学,一念痴迷
"清纯烧<em class=""keyword"">美女</em>风 既要又要还要的钓系穿搭",酒酿Lily王
"小伙扒下<em class=""keyword"">美女</em>的白丝，转手就做了个弹弓！这弹性有这么好！？大型连续吻戏短剧",茜茜剧解析
"<em class=""keyword"">美女</em>遭到了神秘男子脱光光绑在床上折磨一夜！醒来后却是在自己车上？事情却似乎没有那么简单",你看不看看
"“黑丝，肤白貌美大长腿<em class=""keyword"">美女</em>总裁”全网最火吻戏短剧”爆款吻戏短剧《发错表白情话闪婚女总裁》",小龙剧场
"<em class=""keyword"">美女</em>内衣秀",飞毛腿_摩根
老板娘3：女孩被男友出卖，惨遭多人轮流欺负，结局令人唏嘘,桂花树青春无悔
"末世降临一桶泡面就能换一个老婆，小伙直接给<em class=""keyword"">美女</em>搞了一顿“海底捞”这结果.....",茜茜剧解析
青春的气息，美美的小吊带,AnnieFashion
"偷偷躲床底下，本只想看网红<em class=""keyword"">美女</em>和榜一大哥的现场直播，没想到竟然目睹了一场....",茜茜剧解析
"劫匪挟持<em class=""keyword"">美女</em>姐妹花，用妹妹的性命威胁姐姐，竟命令她做任何事！",三毛观察员
"【按摩】顶级<em class=""keyword"">美女</em>享受淋巴循环手法治疗技术-肌肉放松伸展手法治疗技术-紧身性感<em class=""keyword"">美女</em>(手法治疗)",Novacaineee
"女人得了一种怪病每月都会找小伙脱衣治病，面对身材哇塞的<em class=""keyword"">美女</em>，小伙使出独门绝技对付她",酷帅漫画社
"<em class=""keyword"">美女</em>合集！颜值控",杭州李冰冰o
"泳装<em class=""keyword"">美女</em>",美女动漫合集
"<em class=""keyword"">美女</em>人质为了活命任由劫匪摆布！",无忧剧场_
身材不错，有肉感,洁白的小悍妇
"性感大雷泳装<em class=""keyword"">美女</em>5",城南瓜已熟
这个女老师太惨了,帝国总裁影视
"“肤白貌美大长腿，黑丝诱惑<em class=""keyword"">美女</em>来啦！”爆款吻戏短剧《天命大反派》",小龙剧场
"这个<em class=""keyword"">美女</em>太骚了，老板忍不住上了！",美美观影
"<em class=""keyword"">美女</em>为留下大客户竟当面脱掉黑丝，把自己献出去",才下美头
"盘点全网最性感<em class=""keyword"">美女</em>合集 (166)",172号卡分销系统一级
“黑丝，肤白，貌美，大长腿，同样都是销售，你为何如此优秀！,茜茜剧解析丶
"<em class=""keyword"">美女</em>霸气外露",飞毛腿_摩根
【极致丝滑60帧】这谁看了不迷糊呀？,鹿Bai陆零
镜头下的韩国女星，华莎没眼看，女团裙子掉落,娱圈毕业生
"【<em class=""keyword"">美女</em>保洁ep.1】<em class=""keyword"">美女</em>保洁的诱惑！",宝蓝和玩具门
"黑丝大长腿<em class=""keyword"">美女</em>合集（2）",摸鱼的虚空
年轻保姆穿着黑丝给男主人放水洗澡，搔首弄姿，这那个男人把持得住！,九儿电影o
"<em class=""keyword"">美女</em>被捆绑",叶秋爱动漫
一起来练瑜伽,lu屏小将
"【按摩】顶级<em class=""keyword"">美女</em>享受淋巴循环手法治疗技术-肌肉放松伸展手法治疗技术-紧身性感<em class=""keyword"">美女</em>(手法治疗)",Novacaineee
"小伙假扮盲人上门按摩，<em class=""keyword"">美女</em>直接脱光，小伙顶不住了....",茜茜剧解析
炸裂！韩国女星下体被塞电动玩具出席颁奖典礼,充电宝卫萝卜
汉娜帕尔默 蓝色比基尼 美人出浴,美人馆中馆
"由于天气太热，<em class=""keyword"">美女</em>只好挂空挡，这样就会比较凉爽一点.....",茜茜剧解析
"每日必看：<em class=""keyword"">美女</em>热舞合集",灰色的sheep
韩国小姐姐写真 天气真热啊,三尺有影WUDAREN
"刺激，捂住鼻子防止鼻血冒出！韩国性感女神精彩演出，三段爱情小故事-关于xxoo的爱情故事。#做爱做的事##性感<em class=""keyword"">美女</em>##xxoo#",大仙说影
"这谁顶得住？！被甜软<em class=""keyword"">美女</em>撩能做到不心动吗？【on9大挑战】",on9菌
"坏人欺负<em class=""keyword"">美女</em>都喜欢从胸部开始？咸猪手真会享受",神猪说动漫
什么油那么丝滑？,Misamisaaa_a
小仓优香 完美身材与天使笑颜！写真杂志拍摄 2,绚濑星群
"长视频<em class=""keyword"">美女</em>合集2",多类型港湾
"这个<em class=""keyword"">美女</em>太骚了，老板忍不住上了！",美美观影
小伙穿越成摄政王，从此后宫是他家，就连皇后太后都要给他穿黑丝跳热舞...,兮兮剧解析
"小伙扒下<em class=""keyword"">美女</em>的白丝，转手就做了个弹弓！这弹性有这么好！？大型连续吻戏短剧",茜茜剧解析
"23岁<em class=""keyword"">美女</em>被骗缅北，惨遭2个月双开门残酷经历，被救留下后遗症#大案纪实#刑事案件#案件解说#真实案件",大案纪实1
涵涵车上换比基尼教学,一念痴迷
今日美食,形形色色没有形形
"<em class=""keyword"">美女</em>内衣秀",飞毛腿_摩根
青春的气息，美美的小吊带,AnnieFashion
老板娘3：女孩被男友出卖，惨遭多人轮流欺负，结局令人唏嘘,桂花树青春无悔
"末世降临一桶泡面就能换一个老婆，小伙直接给<em class=""keyword"">美女</em>搞了一顿“海底捞”这结果.....",茜茜剧解析
这谁顶得住，男人一定要记住，越漂亮的女人越危险。,壶城影视基地
"偷偷躲床底下，本只想看网红<em class=""keyword"">美女</em>和榜一大哥的现场直播，没想到竟然目睹了一场....",茜茜剧解析
"泳装<em class=""keyword"">美女</em>",美女动漫合集
【韩国风尚】车模小姐姐的简约穿搭分享♡Ulael,斑鸠心平气和everyday
“黑丝，肤白，貌美，大长腿，同样都是销售，你为何如此优秀！,茜茜剧解析丶
适量观看！小心上瘾！！,Aboutfeeling-J
"劫匪挟持<em class=""keyword"">美女</em>姐妹花，用妹妹的性命威胁姐姐，竟命令她做任何事！",三毛观察员
镜头下的韩国女星，华莎没眼看，女团裙子掉落,娱圈毕业生
好肉好白好性感 诱人又可口 满满的肉肉 想要一口,三尺有影WUDAREN
"女人得了一种怪病每月都会找小伙脱衣治病，面对身材哇塞的<em class=""keyword"">美女</em>，小伙使出独门绝技对付她",酷帅漫画社
"<em class=""keyword"">美女</em>合集！颜值控",杭州李冰冰o
身材不错，有肉感,洁白的小悍妇
"<em class=""keyword"">美女</em>人质为了活命任由劫匪摆布！",无忧剧场_
"盘点全网最性感<em class=""keyword"">美女</em>合集 (166)",172号卡分销系统一级
"性感大雷泳装<em class=""keyword"">美女</em>5",城南瓜已熟
"“肤白貌美大长腿，黑丝诱惑<em class=""keyword"">美女</em>来啦！”爆款吻戏短剧《天命大反派》",小龙剧场
这个女老师太惨了,帝国总裁影视
"<em class=""keyword"">美女</em>为留下大客户竟当面脱掉黑丝，把自己献出去",才下美头
"<em class=""keyword"">美女</em>热舞合集",灰色的sheep
"<em class=""keyword"">美女</em>推油SPA",飞毛腿_摩根
一起来练瑜伽,lu屏小将
"每日必看：<em class=""keyword"">美女</em>热舞合集",灰色的sheep
"小伙假扮盲人上门按摩，<em class=""keyword"">美女</em>直接脱光，小伙顶不住了....",茜茜剧解析
"女演员被骗到缅北后,真的太惨了",扑棱扑棱小貔貅
"每日必看：<em class=""keyword"">美女</em>热舞合集",灰色的sheep
炸裂！韩国女星下体被塞电动玩具出席颁奖典礼,充电宝卫萝卜
"坏人欺负<em class=""keyword"">美女</em>都喜欢从胸部开始？咸猪手真会享受",神猪说动漫
"长视频<em class=""keyword"">美女</em>合集2",多类型港湾
这是能播的吗！,美女直播录屏
韩国小姐姐写真 天气真热啊,三尺有影WUDAREN
"刺激，捂住鼻子防止鼻血冒出！韩国性感女神精彩演出，三段爱情小故事-关于xxoo的爱情故事。#做爱做的事##性感<em class=""keyword"">美女</em>##xxoo#",大仙说影
"求求你们看点正常的<em class=""keyword"">美女</em>吧",账号已注销
什么油那么丝滑？,Misamisaaa_a
"李翰祥的杰作：一本正经男医生帮<em class=""keyword"">美女</em>打针，离谱到让你怀疑人生！",Boys电影
实地拍摄,wjwyjy
小伙穿越成摄政王，从此后宫是他家，就连皇后太后都要给他穿黑丝跳热舞...,兮兮剧解析
"小伙扒下<em class=""keyword"">美女</em>的白丝，转手就做了个弹弓！这弹性有这么好！？大型连续吻戏短剧",茜茜剧解析
带劲 过瘾啊,账号已注销
涵涵车上换比基尼教学,一念痴迷
小姐姐身材真好,爱闹爱玩-
"<em class=""keyword"">美女</em>为留下大客户竟当面脱掉黑丝，把自己献出去",才下美头
"<em class=""keyword"">美女</em>内衣秀",飞毛腿_摩根
老板娘3：女孩被男友出卖，惨遭多人轮流欺负，结局令人唏嘘,桂花树青春无悔
青春的气息，美美的小吊带,AnnieFashion
"偷偷躲床底下，本只想看网红<em class=""keyword"">美女</em>和榜一大哥的现场直播，没想到竟然目睹了一场....",茜茜剧解析
"【按摩】顶级<em class=""keyword"">美女</em>享受淋巴循环手法治疗技术-肌肉放松伸展手法治疗技术-紧身性感<em class=""keyword"">美女</em>(手法治疗)",Novacaineee
身材不错，有肉感,洁白的小悍妇
镜头下的韩国女星，华莎没眼看，女团裙子掉落,娱圈毕业生
“黑丝，肤白，貌美，大长腿，同样都是销售，你为何如此优秀！,茜茜剧解析丶
"女人得了一种怪病每月都会找小伙脱衣治病，面对身材哇塞的<em class=""keyword"">美女</em>，小伙使出独门绝技对付她",酷帅漫画社
"盘点全网最性感<em class=""keyword"">美女</em>合集 (166)",172号卡分销系统一级
"<em class=""keyword"">美女</em>合集！颜值控",杭州李冰冰o
"<em class=""keyword"">美女</em>人质为了活命任由劫匪摆布！",无忧剧场_
"这个<em class=""keyword"">美女</em>太骚了，老板忍不住上了！",美美观影
这个女老师太惨了,帝国总裁影视
"<em class=""keyword"">美女</em>霸气外露",飞毛腿_摩根
"<em class=""keyword"">美女</em>玩脱衣服游戏的时候太拼了",심용양
【极致丝滑60帧】这谁看了不迷糊呀？,鹿Bai陆零
"劫匪挟持<em class=""keyword"">美女</em>姐妹花，用妹妹的性命威胁姐姐，竟命令她做任何事！",三毛观察员
年轻保姆穿着黑丝给男主人放水洗澡，搔首弄姿，这那个男人把持得住！,九儿电影o
"由于天气太热，<em class=""keyword"">美女</em>只好挂空挡，这样就会比较凉爽一点.....",茜茜剧解析
炸裂！韩国女星下体被塞电动玩具出席颁奖典礼,充电宝卫萝卜
"“黑丝，肤白貌美大长腿<em class=""keyword"">美女</em>总裁”全网最火吻戏短剧”爆款吻戏短剧《发错表白情话闪婚女总裁》",小龙剧场
"<em class=""keyword"">美女</em>推油SPA",飞毛腿_摩根
韩国小姐姐写真 天气真热啊,三尺有影WUDAREN
"刺激，捂住鼻子防止鼻血冒出！韩国性感女神精彩演出，三段爱情小故事-关于xxoo的爱情故事。#做爱做的事##性感<em class=""keyword"">美女</em>##xxoo#",大仙说影
这是能播的吗！,美女直播录屏
"每日必看：<em class=""keyword"">美女</em>热舞合集",灰色的sheep
"这谁顶得住？！被甜软<em class=""keyword"">美女</em>撩能做到不心动吗？【on9大挑战】",on9菌
实地拍摄,wjwyjy
什么油那么丝滑？,Misamisaaa_a
"每日必看：<em class=""keyword"">美女</em>热舞合集",灰色的sheep
"长视频<em class=""keyword"">美女</em>合集2",多类型港湾
"<em class=""keyword"">美女</em>遭到了神秘男子脱光光绑在床上折磨一夜！醒来后却是在自己车上？事情却似乎没有那么简单",你看不看看
"坏人欺负<em class=""keyword"">美女</em>都喜欢从胸部开始？咸猪手真会享受",神猪说动漫
小伙穿越成摄政王，从此后宫是他家，就连皇后太后都要给他穿黑丝跳热舞...,兮兮剧解析
"小伙扒下<em class=""keyword"">美女</em>的白丝，转手就做了个弹弓！这弹性有这么好！？大型连续吻戏短剧",茜茜剧解析
涵涵车上换比基尼教学,一念痴迷
"<em class=""keyword"">美女</em>内衣秀",飞毛腿_摩根
老板娘3：女孩被男友出卖，惨遭多人轮流欺负，结局令人唏嘘,桂花树青春无悔
"末世降临一桶泡面就能换一个老婆，小伙直接给<em class=""keyword"">美女</em>搞了一顿“海底捞”这结果.....",茜茜剧解析
青春的气息，美美的小吊带,AnnieFashion
"偷偷躲床底下，本只想看网红<em class=""keyword"">美女</em>和榜一大哥的现场直播，没想到竟然目睹了一场....",茜茜剧解析
"泳装<em class=""keyword"">美女</em>",美女动漫合集
“黑丝，肤白，貌美，大长腿，同样都是销售，你为何如此优秀！,茜茜剧解析丶
"劫匪挟持<em class=""keyword"">美女</em>姐妹花，用妹妹的性命威胁姐姐，竟命令她做任何事！",三毛观察员
"【按摩】顶级<em class=""keyword"">美女</em>享受淋巴循环手法治疗技术-肌肉放松伸展手法治疗技术-紧身性感<em class=""keyword"">美女</em>(手法治疗)",Novacaineee
"女人得了一种怪病每月都会找小伙脱衣治病，面对身材哇塞的<em class=""keyword"">美女</em>，小伙使出独门绝技对付她",酷帅漫画社
"<em class=""keyword"">美女</em>人质为了活命任由劫匪摆布！",无忧剧场_
"<em class=""keyword"">美女</em>合集！颜值控",杭州李冰冰o
"盘点全网最性感<em class=""keyword"">美女</em>合集 (166)",172号卡分销系统一级
"性感大雷泳装<em class=""keyword"">美女</em>5",城南瓜已熟
"“肤白貌美大长腿，黑丝诱惑<em class=""keyword"">美女</em>来啦！”爆款吻戏短剧《天命大反派》",小龙剧场
这个女老师太惨了,帝国总裁影视
"<em class=""keyword"">美女</em>为留下大客户竟当面脱掉黑丝，把自己献出去",才下美头
"这个<em class=""keyword"">美女</em>太骚了，老板忍不住上了！",美美观影
"<em class=""keyword"">美女</em>霸气外露",飞毛腿_摩根
【极致丝滑60帧】这谁看了不迷糊呀？,鹿Bai陆零
"【<em class=""keyword"">美女</em>，请别影响我学习】4K 最高画质 全结局 全流程通关攻略 真人互动恋爱游戏【完结】",11的游戏世界
"黑丝大长腿<em class=""keyword"">美女</em>合集（2）",摸鱼的虚空
年轻保姆穿着黑丝给男主人放水洗澡，搔首弄姿，这那个男人把持得住！,九儿电影o
"【<em class=""keyword"">美女</em>保洁ep.1】<em class=""keyword"">美女</em>保洁的诱惑！",宝蓝和玩具门
"求求你们看点正常的<em class=""keyword"">美女</em>吧",账号已注销
"清纯烧<em class=""keyword"">美女</em>风 既要又要还要的钓系穿搭",酒酿Lily王
"<em class=""keyword"">美女</em>热舞合集",灰色的sheep
"<em class=""keyword"">美女</em>推油SPA",飞毛腿_摩根
"每日必看：<em class=""keyword"">美女</em>热舞合集",灰色的sheep
"小伙假扮盲人上门按摩，<em class=""keyword"">美女</em>直接脱光，小伙顶不住了....",茜茜剧解析
"女演员被骗到缅北后,真的太惨了",扑棱扑棱小貔貅
炸裂！韩国女星下体被塞电动玩具出席颁奖典礼,充电宝卫萝卜
"每日必看：<em class=""keyword"">美女</em>热舞合集",灰色的sheep
"坏人欺负<em class=""keyword"">美女</em>都喜欢从胸部开始？咸猪手真会享受",神猪说动漫
"长视频<em class=""keyword"">美女</em>合集2",多类型港湾
这是能播的吗！,美女直播录屏
韩国小姐姐写真 天气真热啊,三尺有影WUDAREN
"刺激，捂住鼻子防止鼻血冒出！韩国性感女神精彩演出，三段爱情小故事-关于xxoo的爱情故事。#做爱做的事##性感<em class=""keyword"">美女</em>##xxoo#",大仙说影
什么油那么丝滑？,Misamisaaa_a
"李翰祥的杰作：一本正经男医生帮<em class=""keyword"">美女</em>打针，离谱到让你怀疑人生！",Boys电影
实地拍摄,wjwyjy
小伙穿越成摄政王，从此后宫是他家，就连皇后太后都要给他穿黑丝跳热舞...,兮兮剧解析
涵涵车上换比基尼教学,一念痴迷
"小伙扒下<em class=""keyword"">美女</em>的白丝，转手就做了个弹弓！这弹性有这么好！？大型连续吻戏短剧",茜茜剧解析
带劲 过瘾啊,账号已注销
小姐姐身材真好,爱闹爱玩-
"<em class=""keyword"">美女</em>为留下大客户竟当面脱掉黑丝，把自己献出去",才下美头
"<em class=""keyword"">美女</em>内衣秀",飞毛腿_摩根
老板娘3：女孩被男友出卖，惨遭多人轮流欺负，结局令人唏嘘,桂花树青春无悔
"偷偷躲床底下，本只想看网红<em class=""keyword"">美女</em>和榜一大哥的现场直播，没想到竟然目睹了一场....",茜茜剧解析
青春的气息，美美的小吊带,AnnieFashion
"【按摩】顶级<em class=""keyword"">美女</em>享受淋巴循环手法治疗技术-肌肉放松伸展手法治疗技术-紧身性感<em class=""keyword"">美女</em>(手法治疗)",Novacaineee
"盘点全网最性感<em class=""keyword"">美女</em>合集 (166)",172号卡分销系统一级
"劫匪挟持<em class=""keyword"">美女</em>姐妹花，用妹妹的性命威胁姐姐，竟命令她做任何事！",三毛观察员
“黑丝，肤白，貌美，大长腿，同样都是销售，你为何如此优秀！,茜茜剧解析丶
"女人得了一种怪病每月都会找小伙脱衣治病，面对身材哇塞的<em class=""keyword"">美女</em>，小伙使出独门绝技对付她",酷帅漫画社
"<em class=""keyword"">美女</em>合集！颜值控",杭州李冰冰o
身材不错，有肉感,洁白的小悍妇
"<em class=""keyword"">美女</em>人质为了活命任由劫匪摆布！",无忧剧场_
"“肤白貌美大长腿，黑丝诱惑<em class=""keyword"">美女</em>来啦！”爆款吻戏短剧《天命大反派》",小龙剧场
"这个<em class=""keyword"">美女</em>太骚了，老板忍不住上了！",美美观影
"<em class=""keyword"">美女</em>霸气外露",飞毛腿_摩根
镜头下的韩国女星，华莎没眼看，女团裙子掉落,娱圈毕业生
"<em class=""keyword"">美女</em>玩脱衣服游戏的时候太拼了",심용양
【极致丝滑60帧】这谁看了不迷糊呀？,鹿Bai陆零
这个女老师太惨了,帝国总裁影视
"“黑丝，肤白貌美大长腿<em class=""keyword"">美女</em>总裁”全网最火吻戏短剧”爆款吻戏短剧《发错表白情话闪婚女总裁》",小龙剧场
"<em class=""keyword"">美女</em>推油SPA",飞毛腿_摩根
韩国小姐姐写真 天气真热啊,三尺有影WUDAREN
"每日必看：<em class=""keyword"">美女</em>热舞合集",灰色的sheep
这是能播的吗！,美女直播录屏
"长视频<em class=""keyword"">美女</em>合集2",多类型港湾
"刺激，捂住鼻子防止鼻血冒出！韩国性感女神精彩演出，三段爱情小故事-关于xxoo的爱情故事。#做爱做的事##性感<em class=""keyword"">美女</em>##xxoo#",大仙说影
实地拍摄,wjwyjy
"每日必看：<em class=""keyword"">美女</em>热舞合集",灰色的sheep
什么油那么丝滑？,Misamisaaa_a
"清纯烧<em class=""keyword"">美女</em>风 既要又要还要的钓系穿搭",酒酿Lily王
"坏人欺负<em class=""keyword"">美女</em>都喜欢从胸部开始？咸猪手真会享受",神猪说动漫
小伙穿越成摄政王，从此后宫是他家，就连皇后太后都要给他穿黑丝跳热舞...,兮兮剧解析
"<em class=""keyword"">美女</em>遭到了神秘男子脱光光绑在床上折磨一夜！醒来后却是在自己车上？事情却似乎没有那么简单",你看不看看
"小伙扒下<em class=""keyword"">美女</em>的白丝，转手就做了个弹弓！这弹性有这么好！？大型连续吻戏短剧",茜茜剧解析
涵涵车上换比基尼教学,一念痴迷
老板娘3：女孩被男友出卖，惨遭多人轮流欺负，结局令人唏嘘,桂花树青春无悔
"末世降临一桶泡面就能换一个老婆，小伙直接给<em class=""keyword"">美女</em>搞了一顿“海底捞”这结果.....",茜茜剧解析
青春的气息，美美的小吊带,AnnieFashion
"偷偷躲床底下，本只想看网红<em class=""keyword"">美女</em>和榜一大哥的现场直播，没想到竟然目睹了一场....",茜茜剧解析
“黑丝，肤白，貌美，大长腿，同样都是销售，你为何如此优秀！,茜茜剧解析丶
"劫匪挟持<em class=""keyword"">美女</em>姐妹花，用妹妹的性命威胁姐姐，竟命令她做任何事！",三毛观察员
镜头下的韩国女星，华莎没眼看，女团裙子掉落,娱圈毕业生
"<em class=""keyword"">美女</em>为留下大客户竟当面脱掉黑丝，把自己献出去",才下美头
"【按摩】顶级<em class=""keyword"">美女</em>享受淋巴循环手法治疗技术-肌肉放松伸展手法治疗技术-紧身性感<em class=""keyword"">美女</em>(手法治疗)",Novacaineee
"女人得了一种怪病每月都会找小伙脱衣治病，面对身材哇塞的<em class=""keyword"">美女</em>，小伙使出独门绝技对付她",酷帅漫画社
"<em class=""keyword"">美女</em>合集！颜值控",杭州李冰冰o
身材不错，有肉感,洁白的小悍妇
"<em class=""keyword"">美女</em>人质为了活命任由劫匪摆布！",无忧剧场_
"盘点全网最性感<em class=""keyword"">美女</em>合集 (166)",172号卡分销系统一级
"“肤白貌美大长腿，黑丝诱惑<em class=""keyword"">美女</em>来啦！”爆款吻戏短剧《天命大反派》",小龙剧场
"<em class=""keyword"">美女</em>霸气外露",飞毛腿_摩根
这个女老师太惨了,帝国总裁影视
"这个<em class=""keyword"">美女</em>太骚了，老板忍不住上了！",美美观影
【极致丝滑60帧】这谁看了不迷糊呀？,鹿Bai陆零
"【<em class=""keyword"">美女</em>保洁ep.1】<em class=""keyword"">美女</em>保洁的诱惑！",宝蓝和玩具门
"黑丝大长腿<em class=""keyword"">美女</em>合集（2）",摸鱼的虚空
年轻保姆穿着黑丝给男主人放水洗澡，搔首弄姿，这那个男人把持得住！,九儿电影o
"偷偷躲床底下，本只想偷看网红<em class=""keyword"">美女</em>和榜一大哥的现场直播，没成想竟然目睹了一场...",你可能是个棒槌
"<em class=""keyword"">美女</em>被捆绑",叶秋爱动漫
汉娜帕尔默 蓝色比基尼 美人出浴,美人馆中馆
小仓优香 完美身材与天使笑颜！写真杂志拍摄 2,绚濑星群
韩国小姐姐写真 天气真热啊,三尺有影WUDAREN
"每日必看：<em class=""keyword"">美女</em>热舞合集",灰色的sheep
这是能播的吗！,美女直播录屏
"刺激，捂住鼻子防止鼻血冒出！韩国性感女神精彩演出，三段爱情小故事-关于xxoo的爱情故事。#做爱做的事##性感<em class=""keyword"">美女</em>##xxoo#",大仙说影
实地拍摄,wjwyjy
什么油那么丝滑？,Misamisaaa_a
"每日必看：<em class=""keyword"">美女</em>热舞合集",灰色的sheep
"长视频<em class=""keyword"">美女</em>合集2",多类型港湾
"清纯烧<em class=""keyword"">美女</em>风 既要又要还要的钓系穿搭",酒酿Lily王
"坏人欺负<em class=""keyword"">美女</em>都喜欢从胸部开始？咸猪手真会享受",神猪说动漫
小伙穿越成摄政王，从此后宫是他家，就连皇后太后都要给他穿黑丝跳热舞...,兮兮剧解析
"小伙扒下<em class=""keyword"">美女</em>的白丝，转手就做了个弹弓！这弹性有这么好！？大型连续吻戏短剧",茜茜剧解析
"<em class=""keyword"">美女</em>内衣秀",飞毛腿_摩根
老板娘3：女孩被男友出卖，惨遭多人轮流欺负，结局令人唏嘘,桂花树青春无悔
"偷偷躲床底下，本只想看网红<em class=""keyword"">美女</em>和榜一大哥的现场直播，没想到竟然目睹了一场....",茜茜剧解析
"末世降临一桶泡面就能换一个老婆，小伙直接给<em class=""keyword"">美女</em>搞了一顿“海底捞”这结果.....",茜茜剧解析
青春的气息，美美的小吊带,AnnieFashion
"泳装<em class=""keyword"">美女</em>",美女动漫合集
“黑丝，肤白，貌美，大长腿，同样都是销售，你为何如此优秀！,茜茜剧解析丶
"劫匪挟持<em class=""keyword"">美女</em>姐妹花，用妹妹的性命威胁姐姐，竟命令她做任何事！",三毛观察员
"<em class=""keyword"">美女</em>合集！颜值控",杭州李冰冰o
"【按摩】顶级<em class=""keyword"">美女</em>享受淋巴循环手法治疗技术-肌肉放松伸展手法治疗技术-紧身性感<em class=""keyword"">美女</em>(手法治疗)",Novacaineee
"女人得了一种怪病每月都会找小伙脱衣治病，面对身材哇塞的<em class=""keyword"">美女</em>，小伙使出独门绝技对付她",酷帅漫画社
身材不错，有肉感,洁白的小悍妇
"<em class=""keyword"">美女</em>人质为了活命任由劫匪摆布！",无忧剧场_
"盘点全网最性感<em class=""keyword"">美女</em>合集 (166)",172号卡分销系统一级
"性感大雷泳装<em class=""keyword"">美女</em>5",城南瓜已熟
"由于天气太热，<em class=""keyword"">美女</em>只好脱掉蕾丝挂空挡，这样就会比较凉爽一点",西西剧解析
"“肤白貌美大长腿，黑丝诱惑<em class=""keyword"">美女</em>来啦！”爆款吻戏短剧《天命大反派》",小龙剧场
"<em class=""keyword"">美女</em>为留下大客户竟当面脱掉黑丝，把自己献出去",才下美头
"这个<em class=""keyword"">美女</em>太骚了，老板忍不住上了！",美美观影
"<em class=""keyword"">美女</em>霸气外露",飞毛腿_摩根
【极致丝滑60帧】这谁看了不迷糊呀？,鹿Bai陆零
这个女老师太惨了,帝国总裁影视
镜头下的韩国女星，华莎没眼看，女团裙子掉落,娱圈毕业生
"黑丝大长腿<em class=""keyword"">美女</em>合集（2）",摸鱼的虚空
"【<em class=""keyword"">美女</em>保洁ep.1】<em class=""keyword"">美女</em>保洁的诱惑！",宝蓝和玩具门
年轻保姆穿着黑丝给男主人放水洗澡，搔首弄姿，这那个男人把持得住！,九儿电影o
"<em class=""keyword"">美女</em>被捆绑",叶秋爱动漫
"偷偷躲床底下，本只想偷看网红<em class=""keyword"">美女</em>和榜一大哥的现场直播，没成想竟然目睹了一场...",你可能是个棒槌
汉娜帕尔默 蓝色比基尼 美人出浴,美人馆中馆
"末世来临小伙靠囤积的大量物资，从此每天<em class=""keyword"">美女</em>主动上门服务换物资",兮兮剧解析
炸裂！韩国女星下体被塞电动玩具出席颁奖典礼,充电宝卫萝卜
"<em class=""keyword"">美女</em>推油SPA",飞毛腿_摩根
"由于天气太热，<em class=""keyword"">美女</em>只好挂空挡，这样就会比较凉爽一点.....",茜茜剧解析
韩国小姐姐写真 天气真热啊,三尺有影WUDAREN
"每日必看：<em class=""keyword"">美女</em>热舞合集",灰色的sheep
这是能播的吗！,美女直播录屏
"长视频<em class=""keyword"">美女</em>合集2",多类型港湾
"刺激，捂住鼻子防止鼻血冒出！韩国性感女神精彩演出，三段爱情小故事-关于xxoo的爱情故事。#做爱做的事##性感<em class=""keyword"">美女</em>##xxoo#",大仙说影
实地拍摄,wjwyjy
"每日必看：<em class=""keyword"">美女</em>热舞合集",灰色的sheep
什么油那么丝滑？,Misamisaaa_a
"<em class=""keyword"">美女</em>遭到了神秘男子脱光光绑在床上折磨一夜！醒来后却是在自己车上？事情却似乎没有那么简单",你看不看看
"坏人欺负<em class=""keyword"">美女</em>都喜欢从胸部开始？咸猪手真会享受",神猪说动漫
小伙穿越成摄政王，从此后宫是他家，就连皇后太后都要给他穿黑丝跳热舞...,兮兮剧解析
涵涵车上换比基尼教学,一念痴迷
"小伙扒下<em class=""keyword"">美女</em>的白丝，转手就做了个弹弓！这弹性有这么好！？大型连续吻戏短剧",茜茜剧解析
老板娘3：女孩被男友出卖，惨遭多人轮流欺负，结局令人唏嘘,桂花树青春无悔
"<em class=""keyword"">美女</em>内衣秀",飞毛腿_摩根
青春的气息，美美的小吊带,AnnieFashion
"末世降临一桶泡面就能换一个老婆，小伙直接给<em class=""keyword"">美女</em>搞了一顿“海底捞”这结果.....",茜茜剧解析
"偷偷躲床底下，本只想看网红<em class=""keyword"">美女</em>和榜一大哥的现场直播，没想到竟然目睹了一场....",茜茜剧解析
"劫匪挟持<em class=""keyword"">美女</em>姐妹花，用妹妹的性命威胁姐姐，竟命令她做任何事！",三毛观察员
“黑丝，肤白，貌美，大长腿，同样都是销售，你为何如此优秀！,茜茜剧解析丶
镜头下的韩国女星，华莎没眼看，女团裙子掉落,娱圈毕业生
"<em class=""keyword"">美女</em>为留下大客户竟当面脱掉黑丝，把自己献出去",才下美头
"<em class=""keyword"">美女</em>合集！颜值控",杭州李冰冰o
"【按摩】顶级<em class=""keyword"">美女</em>享受淋巴循环手法治疗技术-肌肉放松伸展手法治疗技术-紧身性感<em class=""keyword"">美女</em>(手法治疗)",Novacaineee
"女人得了一种怪病每月都会找小伙脱衣治病，面对身材哇塞的<em class=""keyword"">美女</em>，小伙使出独门绝技对付她",酷帅漫画社
身材不错，有肉感,洁白的小悍妇
"<em class=""keyword"">美女</em>人质为了活命任由劫匪摆布！",无忧剧场_
"盘点全网最性感<em class=""keyword"">美女</em>合集 (166)",172号卡分销系统一级
"性感大雷泳装<em class=""keyword"">美女</em>5",城南瓜已熟
"<em class=""keyword"">美女</em>霸气外露",飞毛腿_摩根
"这个<em class=""keyword"">美女</em>太骚了，老板忍不住上了！",美美观影
这个女老师太惨了,帝国总裁影视
"“肤白貌美大长腿，黑丝诱惑<em class=""keyword"">美女</em>来啦！”爆款吻戏短剧《天命大反派》",小龙剧场
【极致丝滑60帧】这谁看了不迷糊呀？,鹿Bai陆零
"【<em class=""keyword"">美女</em>保洁ep.1】<em class=""keyword"">美女</em>保洁的诱惑！",宝蓝和玩具门
"黑丝大长腿<em class=""keyword"">美女</em>合集（2）",摸鱼的虚空
年轻保姆穿着黑丝给男主人放水洗澡，搔首弄姿，这那个男人把持得住！,九儿电影o
"偷偷躲床底下，本只想偷看网红<em class=""keyword"">美女</em>和榜一大哥的现场直播，没成想竟然目睹了一场...",你可能是个棒槌
"<em class=""keyword"">美女</em>被捆绑",叶秋爱动漫
"每日必看：<em class=""keyword"">美女</em>热舞合集",灰色的sheep
"小伙假扮盲人上门按摩，<em class=""keyword"">美女</em>直接脱光，小伙顶不住了....",茜茜剧解析
"女演员被骗到缅北后,真的太惨了",扑棱扑棱小貔貅
炸裂！韩国女星下体被塞电动玩具出席颁奖典礼,充电宝卫萝卜
"每日必看：<em class=""keyword"">美女</em>热舞合集",灰色的sheep
"坏人欺负<em class=""keyword"">美女</em>都喜欢从胸部开始？咸猪手真会享受",神猪说动漫
这是能播的吗！,美女直播录屏
"长视频<em class=""keyword"">美女</em>合集2",多类型港湾
韩国小姐姐写真 天气真热啊,三尺有影WUDAREN
"刺激，捂住鼻子防止鼻血冒出！韩国性感女神精彩演出，三段爱情小故事-关于xxoo的爱情故事。#做爱做的事##性感<em class=""keyword"">美女</em>##xxoo#",大仙说影
"这谁顶得住？！被甜软<em class=""keyword"">美女</em>撩能做到不心动吗？【on9大挑战】",on9菌
什么油那么丝滑？,Misamisaaa_a
"李翰祥的杰作：一本正经男医生帮<em class=""keyword"">美女</em>打针，离谱到让你怀疑人生！",Boys电影
实地拍摄,wjwyjy
小伙穿越成摄政王，从此后宫是他家，就连皇后太后都要给他穿黑丝跳热舞...,兮兮剧解析
涵涵车上换比基尼教学,一念痴迷
"小伙扒下<em class=""keyword"">美女</em>的白丝，转手就做了个弹弓！这弹性有这么好！？大型连续吻戏短剧",茜茜剧解析
带劲 过瘾啊,账号已注销
小姐姐身材真好,爱闹爱玩-
"<em class=""keyword"">美女</em>为留下大客户竟当面脱掉黑丝，把自己献出去",才下美头
"<em class=""keyword"">美女</em>内衣秀",飞毛腿_摩根
青春的气息，美美的小吊带,AnnieFashion
老板娘3：女孩被男友出卖，惨遭多人轮流欺负，结局令人唏嘘,桂花树青春无悔
"偷偷躲床底下，本只想看网红<em class=""keyword"">美女</em>和榜一大哥的现场直播，没想到竟然目睹了一场....",茜茜剧解析
"【按摩】顶级<em class=""keyword"">美女</em>享受淋巴循环手法治疗技术-肌肉放松伸展手法治疗技术-紧身性感<em class=""keyword"">美女</em>(手法治疗)",Novacaineee
“黑丝，肤白，貌美，大长腿，同样都是销售，你为何如此优秀！,茜茜剧解析丶
"盘点全网最性感<em class=""keyword"">美女</em>合集 (166)",172号卡分销系统一级
"女人得了一种怪病每月都会找小伙脱衣治病，面对身材哇塞的<em class=""keyword"">美女</em>，小伙使出独门绝技对付她",酷帅漫画社
身材不错，有肉感,洁白的小悍妇
"<em class=""keyword"">美女</em>合集！颜值控",杭州李冰冰o
"<em class=""keyword"">美女</em>人质为了活命任由劫匪摆布！",无忧剧场_
"泳装<em class=""keyword"">美女</em>",美女动漫合集
"这个<em class=""keyword"">美女</em>太骚了，老板忍不住上了！",美美观影
这个女老师太惨了,帝国总裁影视
"<em class=""keyword"">美女</em>霸气外露",飞毛腿_摩根
镜头下的韩国女星，华莎没眼看，女团裙子掉落,娱圈毕业生
"“肤白貌美大长腿，黑丝诱惑<em class=""keyword"">美女</em>来啦！”爆款吻戏短剧《天命大反派》",小龙剧场
"<em class=""keyword"">美女</em>玩脱衣服游戏的时候太拼了",심용양
【极致丝滑60帧】这谁看了不迷糊呀？,鹿Bai陆零
"劫匪挟持<em class=""keyword"">美女</em>姐妹花，用妹妹的性命威胁姐姐，竟命令她做任何事！",三毛观察员
"【<em class=""keyword"">美女</em>保洁ep.1】<em class=""keyword"">美女</em>保洁的诱惑！",宝蓝和玩具门
"黑丝大长腿<em class=""keyword"">美女</em>合集（2）",摸鱼的虚空
"“黑丝，肤白貌美大长腿<em class=""keyword"">美女</em>总裁”全网最火吻戏短剧”爆款吻戏短剧《发错表白情话闪婚女总裁》",小龙剧场
"<em class=""keyword"">美女</em>推油SPA",飞毛腿_摩根
"由于天气太热，<em class=""keyword"">美女</em>只好挂空挡，这样就会比较凉爽一点.....",茜茜剧解析
韩国小姐姐写真 天气真热啊,三尺有影WUDAREN
"每日必看：<em class=""keyword"">美女</em>热舞合集",灰色的sheep
这是能播的吗！,美女直播录屏
"刺激，捂住鼻子防止鼻血冒出！韩国性感女神精彩演出，三段爱情小故事-关于xxoo的爱情故事。#做爱做的事##性感<em class=""keyword"">美女</em>##xxoo#",大仙说影
实地拍摄,wjwyjy
"每日必看：<em class=""keyword"">美女</em>热舞合集",灰色的sheep
什么油那么丝滑？,Misamisaaa_a
"长视频<em class=""keyword"">美女</em>合集2",多类型港湾
"<em class=""keyword"">美女</em>遭到了神秘男子脱光光绑在床上折磨一夜！醒来后却是在自己车上？事情却似乎没有那么简单",你看不看看
"坏人欺负<em class=""keyword"">美女</em>都喜欢从胸部开始？咸猪手真会享受",神猪说动漫
小伙穿越成摄政王，从此后宫是他家，就连皇后太后都要给他穿黑丝跳热舞...,兮兮剧解析
"清纯烧<em class=""keyword"">美女</em>风 既要又要还要的钓系穿搭",酒酿Lily王
"小伙扒下<em class=""keyword"">美女</em>的白丝，转手就做了个弹弓！这弹性有这么好！？大型连续吻戏短剧",茜茜剧解析
涵涵车上换比基尼教学,一念痴迷
"<em class=""keyword"">美女</em>合集3",一眼心动呀0202
青春的气息，美美的小吊带,AnnieFashion
老板娘3：女孩被男友出卖，惨遭多人轮流欺负，结局令人唏嘘,桂花树青春无悔
"末世降临一桶泡面就能换一个老婆，小伙直接给<em class=""keyword"">美女</em>搞了一顿“海底捞”这结果.....",茜茜剧解析
"偷偷躲床底下，本只想看网红<em class=""keyword"">美女</em>和榜一大哥的现场直播，没想到竟然目睹了一场....",茜茜剧解析
“黑丝，肤白，貌美，大长腿，同样都是销售，你为何如此优秀！,茜茜剧解析丶
"泳装<em class=""keyword"">美女</em>",美女动漫合集
"劫匪挟持<em class=""keyword"">美女</em>姐妹花，用妹妹的性命威胁姐姐，竟命令她做任何事！",三毛观察员
"【按摩】顶级<em class=""keyword"">美女</em>享受淋巴循环手法治疗技术-肌肉放松伸展手法治疗技术-紧身性感<em class=""keyword"">美女</em>(手法治疗)",Novacaineee
"女人得了一种怪病每月都会找小伙脱衣治病，面对身材哇塞的<em class=""keyword"">美女</em>，小伙使出独门绝技对付她",酷帅漫画社
"<em class=""keyword"">美女</em>合集！颜值控",杭州李冰冰o
身材不错，有肉感,洁白的小悍妇
镜头下的韩国女星，华莎没眼看，女团裙子掉落,娱圈毕业生
"<em class=""keyword"">美女</em>人质为了活命任由劫匪摆布！",无忧剧场_
"盘点全网最性感<em class=""keyword"">美女</em>合集 (166)",172号卡分销系统一级
"由于天气太热，<em class=""keyword"">美女</em>只好脱掉蕾丝挂空挡，这样就会比较凉爽一点",西西剧解析
"“肤白貌美大长腿，黑丝诱惑<em class=""keyword"">美女</em>来啦！”爆款吻戏短剧《天命大反派》",小龙剧场
"<em class=""keyword"">美女</em>为留下大客户竟当面脱掉黑丝，把自己献出去",才下美头
"这个<em class=""keyword"">美女</em>太骚了，老板忍不住上了！",美美观影
这个女老师太惨了,帝国总裁影视
"<em class=""keyword"">美女</em>霸气外露",飞毛腿_摩根
【极致丝滑60帧】这谁看了不迷糊呀？,鹿Bai陆零
"黑丝大长腿<em class=""keyword"">美女</em>合集（2）",摸鱼的虚空
"【<em class=""keyword"">美女</em>保洁ep.1】<em class=""keyword"">美女</em>保洁的诱惑！",宝蓝和玩具门
年轻保姆穿着黑丝给男主人放水洗澡，搔首弄姿，这那个男人把持得住！,九儿电影o
"<em class=""keyword"">美女</em>推油SPA",飞毛腿_摩根
"刺激，捂住鼻子防止鼻血冒出！韩国性感女神精彩演出，三段爱情小故事-关于xxoo的爱情故事。#做爱做的事##性感<em class=""keyword"">美女</em>##xxoo#",大仙说影
"每日必看：<em class=""keyword"">美女</em>热舞合集",灰色的sheep
"这谁顶得住？！被甜软<em class=""keyword"">美女</em>撩能做到不心动吗？【on9大挑战】",on9菌
"每日必看：<em class=""keyword"">美女</em>热舞合集",灰色的sheep
这是能播的吗！,美女直播录屏
实地拍摄,wjwyjy
什么油那么丝滑？,Misamisaaa_a
"长视频<em class=""keyword"">美女</em>合集2",多类型港湾
"<em class=""keyword"">美女</em>遭到了神秘男子脱光光绑在床上折磨一夜！醒来后却是在自己车上？事情却似乎没有那么简单",你看不看看
"坏人欺负<em class=""keyword"">美女</em>都喜欢从胸部开始？咸猪手真会享受",神猪说动漫
小伙穿越成摄政王，从此后宫是他家，就连皇后太后都要给他穿黑丝跳热舞...,兮兮剧解析
"清纯烧<em class=""keyword"">美女</em>风 既要又要还要的钓系穿搭",酒酿Lily王
"小伙扒下<em class=""keyword"">美女</em>的白丝，转手就做了个弹弓！这弹性有这么好！？大型连续吻戏短剧",茜茜剧解析
涵涵车上换比基尼教学,一念痴迷
"“黑丝，肤白貌美大长腿<em class=""keyword"">美女</em>总裁”全网最火吻戏短剧”爆款吻戏短剧《发错表白情话闪婚女总裁》",小龙剧场
"<em class=""keyword"">美女</em>内衣秀",飞毛腿_摩根
老板娘3：女孩被男友出卖，惨遭多人轮流欺负，结局令人唏嘘,桂花树青春无悔
"末世降临一桶泡面就能换一个老婆，小伙直接给<em class=""keyword"">美女</em>搞了一顿“海底捞”这结果.....",茜茜剧解析
青春的气息，美美的小吊带,AnnieFashion
"偷偷躲床底下，本只想看网红<em class=""keyword"">美女</em>和榜一大哥的现场直播，没想到竟然目睹了一场....",茜茜剧解析
"泳装<em class=""keyword"">美女</em>",美女动漫合集
"【按摩】顶级<em class=""keyword"">美女</em>享受淋巴循环手法治疗技术-肌肉放松伸展手法治疗技术-紧身性感<em class=""keyword"">美女</em>(手法治疗)",Novacaineee
"劫匪挟持<em class=""keyword"">美女</em>姐妹花，用妹妹的性命威胁姐姐，竟命令她做任何事！",三毛观察员
"女人得了一种怪病每月都会找小伙脱衣治病，面对身材哇塞的<em class=""keyword"">美女</em>，小伙使出独门绝技对付她",酷帅漫画社
"<em class=""keyword"">美女</em>合集！颜值控",杭州李冰冰o
“黑丝，肤白，貌美，大长腿，同样都是销售，你为何如此优秀！,茜茜剧解析丶
镜头下的韩国女星，华莎没眼看，女团裙子掉落,娱圈毕业生
身材不错，有肉感,洁白的小悍妇
"<em class=""keyword"">美女</em>人质为了活命任由劫匪摆布！",无忧剧场_
"盘点全网最性感<em class=""keyword"">美女</em>合集 (166)",172号卡分销系统一级
"性感大雷泳装<em class=""keyword"">美女</em>5",城南瓜已熟
"这个<em class=""keyword"">美女</em>太骚了，老板忍不住上了！",美美观影
这个女老师太惨了,帝国总裁影视
"<em class=""keyword"">美女</em>为留下大客户竟当面脱掉黑丝，把自己献出去",才下美头
"<em class=""keyword"">美女</em>霸气外露",飞毛腿_摩根
"“肤白貌美大长腿，黑丝诱惑<em class=""keyword"">美女</em>来啦！”爆款吻戏短剧《天命大反派》",小龙剧场
【极致丝滑60帧】这谁看了不迷糊呀？,鹿Bai陆零
"【<em class=""keyword"">美女</em>，请别影响我学习】4K 最高画质 全结局 全流程通关攻略 真人互动恋爱游戏【完结】",11的游戏世界
"【<em class=""keyword"">美女</em>保洁ep.1】<em class=""keyword"">美女</em>保洁的诱惑！",宝蓝和玩具门
"黑丝大长腿<em class=""keyword"">美女</em>合集（2）",摸鱼的虚空
年轻保姆穿着黑丝给男主人放水洗澡，搔首弄姿，这那个男人把持得住！,九儿电影o
"这黑丝，这<em class=""keyword"">美女</em>，我上我也行，不知道你们行不行...",兮兮剧解析
"女演员被骗到缅北后,真的太惨了",扑棱扑棱小貔貅
"这谁顶得住？！被甜软<em class=""keyword"">美女</em>撩能做到不心动吗？【on9大挑战】",on9菌
炸裂！韩国女星下体被塞电动玩具出席颁奖典礼,充电宝卫萝卜
"每日必看：<em class=""keyword"">美女</em>热舞合集",灰色的sheep
"坏人欺负<em class=""keyword"">美女</em>都喜欢从胸部开始？咸猪手真会享受",神猪说动漫
"性感大雷泳装<em class=""keyword"">美女</em>5",城南瓜已熟
"长视频<em class=""keyword"">美女</em>合集2",多类型港湾
这是能播的吗！,美女直播录屏
"由于天气太热，<em class=""keyword"">美女</em>只好挂空挡，这样就会比较凉爽一点.....",茜茜剧解析
韩国小姐姐写真 天气真热啊,三尺有影WUDAREN
"刺激，捂住鼻子防止鼻血冒出！韩国性感女神精彩演出，三段爱情小故事-关于xxoo的爱情故事。#做爱做的事##性感<em class=""keyword"">美女</em>##xxoo#",大仙说影
什么油那么丝滑？,Misamisaaa_a
"清纯烧<em class=""keyword"">美女</em>风 既要又要还要的钓系穿搭",酒酿Lily王
"李翰祥的杰作：一本正经男医生帮<em class=""keyword"">美女</em>打针，离谱到让你怀疑人生！",Boys电影
实地拍摄,wjwyjy
小伙穿越成摄政王，从此后宫是他家，就连皇后太后都要给他穿黑丝跳热舞...,兮兮剧解析
"小伙扒下<em class=""keyword"">美女</em>的白丝，转手就做了个弹弓！这弹性有这么好！？大型连续吻戏短剧",茜茜剧解析
带劲 过瘾啊,账号已注销
涵涵车上换比基尼教学,一念痴迷
小姐姐身材真好,爱闹爱玩-
"<em class=""keyword"">美女</em>内衣秀",飞毛腿_摩根
"<em class=""keyword"">美女</em>为留下大客户竟当面脱掉黑丝，把自己献出去",才下美头
老板娘3：女孩被男友出卖，惨遭多人轮流欺负，结局令人唏嘘,桂花树青春无悔
"偷偷躲床底下，本只想看网红<em class=""keyword"">美女</em>和榜一大哥的现场直播，没想到竟然目睹了一场....",茜茜剧解析
青春的气息，美美的小吊带,AnnieFashion
"【按摩】顶级<em class=""keyword"">美女</em>享受淋巴循环手法治疗技术-肌肉放松伸展手法治疗技术-紧身性感<em class=""keyword"">美女</em>(手法治疗)",Novacaineee
"女人得了一种怪病每月都会找小伙脱衣治病，面对身材哇塞的<em class=""keyword"">美女</em>，小伙使出独门绝技对付她",酷帅漫画社
“黑丝，肤白，貌美，大长腿，同样都是销售，你为何如此优秀！,茜茜剧解析丶
"盘点全网最性感<em class=""keyword"">美女</em>合集 (166)",172号卡分销系统一级
"<em class=""keyword"">美女</em>合集！颜值控",杭州李冰冰o
"劫匪挟持<em class=""keyword"">美女</em>姐妹花，用妹妹的性命威胁姐姐，竟命令她做任何事！",三毛观察员
身材不错，有肉感,洁白的小悍妇
镜头下的韩国女星，华莎没眼看，女团裙子掉落,娱圈毕业生
"<em class=""keyword"">美女</em>人质为了活命任由劫匪摆布！",无忧剧场_
"“肤白貌美大长腿，黑丝诱惑<em class=""keyword"">美女</em>来啦！”爆款吻戏短剧《天命大反派》",小龙剧场
"这个<em class=""keyword"">美女</em>太骚了，老板忍不住上了！",美美观影
"<em class=""keyword"">美女</em>霸气外露",飞毛腿_摩根
"<em class=""keyword"">美女</em>玩脱衣服游戏的时候太拼了",심용양
【极致丝滑60帧】这谁看了不迷糊呀？,鹿Bai陆零
这个女老师太惨了,帝国总裁影视
"【<em class=""keyword"">美女</em>保洁ep.1】<em class=""keyword"">美女</em>保洁的诱惑！",宝蓝和玩具门
"<em class=""keyword"">美女</em>推油SPA",飞毛腿_摩根
Kana Saotome - 脱掉所有内衣，用报纸遮住换衣服！,多尼_沃米里安
"<em class=""keyword"">美女</em>合集——白丝篇",风停了心动了
粉丝想看我穿泳装，这也太害羞了吧。,唐卡七
"小伙扒下<em class=""keyword"">美女</em>的白丝，转手就做了个弹弓！这弹性有这么好！？大型连续吻戏短剧",茜茜剧解析
"每日必看：<em class=""keyword"">美女</em>热舞合集",灰色的sheep
"变态男老师脱光衣服居然躺在性感黑丝肉丝丝袜短裙制服包臀裙<em class=""keyword"">美女</em>学生的床下 只为亲眼目睹",静若处子う
"求求你们看点正常的<em class=""keyword"">美女</em>吧",账号已注销
"女演员被骗到缅北后,真的太惨了",扑棱扑棱小貔貅
"<em class=""keyword"">美女</em>热舞合集",灰色的sheep
炸裂！韩国女星下体被塞电动玩具出席颁奖典礼,充电宝卫萝卜
"每日必看：<em class=""keyword"">美女</em>热舞合集",灰色的sheep
"坏人欺负<em class=""keyword"">美女</em>都喜欢从胸部开始？咸猪手真会享受",神猪说动漫
这是能播的吗！,美女直播录屏
"长视频<em class=""keyword"">美女</em>合集2",多类型港湾
韩国小姐姐写真 天气真热啊,三尺有影WUDAREN
什么油那么丝滑？,Misamisaaa_a
"刺激，捂住鼻子防止鼻血冒出！韩国性感女神精彩演出，三段爱情小故事-关于xxoo的爱情故事。#做爱做的事##性感<em class=""keyword"">美女</em>##xxoo#",大仙说影
实地拍摄,wjwyjy
"<em class=""keyword"">美女</em>隐私部位被毒箭射中，小伙直接用嘴帮她吸出来，这可把她吓坏了~",兮兮剧解析
小伙穿越成摄政王，从此后宫是他家，就连皇后太后都要给他穿黑丝跳热舞...,兮兮剧解析
"比基尼性感<em class=""keyword"">美女</em>",和暖男碰了个杯
身材不错，有肉感,洁白的小悍妇
"<em class=""keyword"">美女</em>内衣秀",飞毛腿_摩根
带劲 过瘾啊,账号已注销
"末世来临小伙靠囤积的大量物资，从此每天<em class=""keyword"">美女</em>主动上门服务换物资",兮兮剧解析
"<em class=""keyword"">美女</em>为留下大客户竟当面脱掉黑丝，把自己献出去",才下美头
老板娘3：女孩被男友出卖，惨遭多人轮流欺负，结局令人唏嘘,桂花树青春无悔
涵涵车上换比基尼教学,一念痴迷
青春的气息，美美的小吊带,AnnieFashion
"【按摩】顶级<em class=""keyword"">美女</em>享受淋巴循环手法治疗技术-肌肉放松伸展手法治疗技术-紧身性感<em class=""keyword"">美女</em>(手法治疗)",Novacaineee
"偷偷躲床底下，本只想看网红<em class=""keyword"">美女</em>和榜一大哥的现场直播，没想到竟然目睹了一场....",茜茜剧解析
"小八嘎为了改良基因，抓了两个腿长一米八的<em class=""keyword"">美女</em>给他生儿子",西西剧解析
"“18岁小伙和30岁<em class=""keyword"">美女</em>一夜狂欢后，不仅没戴小雨伞，还拍了照片”爆款吻戏短剧《年下弟弟过分野》",小龙剧场
“黑丝，肤白，貌美，大长腿，同样都是销售，你为何如此优秀！,茜茜剧解析丶
"女人得了一种怪病每月都会找小伙脱衣治病，面对身材哇塞的<em class=""keyword"">美女</em>，小伙使出独门绝技对付她",酷帅漫画社
"<em class=""keyword"">美女</em>合集！颜值控",杭州李冰冰o
"盘点全网最性感<em class=""keyword"">美女</em>合集 (166)",172号卡分销系统一级
"<em class=""keyword"">美女</em>人质为了活命任由劫匪摆布！",无忧剧场_
镜头下的韩国女星，华莎没眼看，女团裙子掉落,娱圈毕业生
"<em class=""keyword"">美女</em>霸气外露",飞毛腿_摩根
这个女老师太惨了,帝国总裁影视
